true_price,predicted_price,abs_error
19.232204,19.457595957313686,0.22539152005782626
10.338544,10.668462137520585,0.32991824561384675
0.0034478083,0.0,0.00344780832529068
4.7321134,4.609416917501013,0.12269644385762923
6.0686755,6.63125525226614,0.5625797342302512
13.26231,13.109858287298124,0.1524517407780479
3.9796422,4.907442423255425,0.9278002704691701
15.666916,15.747923880097874,0.0810079865431863
67.9079,67.69278559526684,0.21511235395190909
6.270735,6.27217690515873,0.0014421181714254772
18.277649,18.38010883458019,0.10245990879894151
4.7511544,5.210346010094286,0.459191587334276
1.5702848,2.386029497998488,0.8157446545536637
9.570139,9.173276984986183,0.39686194628823124
15.106377,15.226134893632343,0.11975824568312454
81.24836,80.98176369331667,0.2665959868591159
27.57644,24.475347073427688,3.1010937377295384
4.4368134,4.609427591024736,0.17261423653254848
20.632996,21.857443834131466,1.224448228662716
15.719686,15.671219168418617,0.04846638608577791
4.013387,4.113237728858506,0.09985052564195307
23.44293,23.394261444137804,0.048668777419813125
29.005943,28.81499827576752,0.19094502257232548
9.581652,9.574560594500939,0.007091093121131209
16.62075,16.36819768634634,0.25255274089975543
0.00039443705,0.0,0.00039443705463781953
7.6883388,8.306015808729072,0.6176770521677923
22.75218,22.609147411622477,0.14303268786482803
8.594887,8.448425639009935,0.1464611407752212
15.73803,15.634389379889573,0.10364105376521238
40.710968,40.78042211108153,0.0694540935034027
13.312342,13.051071279344276,0.26127041071920054
29.339426,29.392446251796205,0.053020211146790786
3.67539,3.7144739647634766,0.03908395965178224
16.640364,15.403279598343712,1.2370840948935928
37.64168,37.56259618517744,0.07908548596513754
14.789782,15.292220011967306,0.5024384415327354
10.42242,10.175754190479834,0.24666535755483388
14.725212,14.935489256213888,0.21027715904591915
31.10771,31.448355405571192,0.34064552092763734
0.26090056,0.0,0.2609005570411682
0.00917322,0.11843957535971306,0.10926635533620022
9.50268,9.445648679831892,0.05703114499720918
13.41167,13.569096735071044,0.15742700393090736
17.976595,18.005763056947202,0.02916813202044466
20.251228,20.205608169770333,0.045620162749198556
37.654892,37.447348329736805,0.20754363803663267
24.489647,24.830237149151706,0.3405902375306127
24.366302,24.29179827547004,0.07450421476433533
10.145125,9.670395690097608,0.47472969900151263
29.618082,30.139253475296176,0.5211714287873868
32.30289,32.29006744378655,0.01282333380134304
4.184118,4.655474008211185,0.47135621417432017
24.57249,24.392970643725484,0.17952004841318825
0.00010273243,0.05410349908052197,0.05400076664809788
24.829716,25.176465874778245,0.3467501460184792
33.529175,33.89941482781367,0.370240023126172
11.440489,11.349014078119563,0.09147473718805443
26.456974,26.95215951132422,0.4951854817832029
17.218605,16.997280347964242,0.221324693539664
9.843602,10.381618429872663,0.5380162493917062
26.067839,26.281707976635644,0.2138693078124021
16.507334,16.792381479291436,0.2850477237982716
33.869053,33.90891235614323,0.039859469180342444
12.797589,12.957666600100918,0.1600772980379297
0.4786995,0.07493322510781476,0.40376628022131733
6.1904488,6.1651854314315955,0.02526332955473265
37.923744,37.57021477690104,0.35352942475911675
1.1373211,1.4049824631757148,0.26766134863561475
19.083977,18.829870282396413,0.2541064632090553
4.6745167,4.742070323577341,0.06755364572089562
7.5960455,7.21480137374157,0.38124412033802013
13.078053,12.730680349665198,0.34737312476107185
43.62362,43.79424079784062,0.17062171825077854
63.671528,63.04044309718976,0.6310847653590699
28.023613,28.95104402447426,0.9274310484000416
21.661627,21.789438222872423,0.12781140707652483
28.62324,29.46204637443749,0.8388068572255776
17.115305,17.011025957474057,0.10427898942535663
37.462524,37.58750143869477,0.12497702463227256
38.678543,38.09281042405097,0.5857326667693457
12.751139,12.78723133654103,0.036092649407240884
15.460841,15.38374014401378,0.07710103488026299
3.9011633,3.7164932291223223,0.1846701104925459
31.273453,32.16321813699481,0.8897653782057446
24.846254,25.23131985691126,0.3850655081563765
11.360505,11.131627718131131,0.22887738593381002
0.6404724,0.7069855882880676,0.06651317617869257
9.704042,9.698246498615276,0.005795936077106489
3.0570333,3.3365470783356668,0.2795137779358865
12.26943,12.352266034466206,0.08283587394374514
28.588753,28.31538367178365,0.27336907479838146
16.533234,16.56954802591793,0.03631438333980341
12.257224,11.672784165769018,0.5844399171777592
2.3290787,2.976307908877227,0.6472292345608208
36.226784,36.199447370067915,0.02733638237349112
33.465065,34.53760827206699,1.0725432696255837
48.44143,48.98756318131224,0.5461340431286459
14.3580475,14.1787576769957,0.17928980835586295
5.5327555e-06,0.8510211558185325,0.8510156230630379
20.06777,19.985048320754597,0.08272168351786391
10.627224,10.743550169949247,0.11632620144338723
12.286984,12.197123181259027,0.08986126240552395
38.535027,38.92962829746707,0.3946017471741001
20.231205,20.431002410438726,0.19979742386646038
12.9620695,12.82387451095915,0.13819500045442368
8.799641,8.877124422862284,0.07748376734470597
5.2188597,5.081251561278106,0.13760811126828099
29.471737,30.06768130337781,0.5959443954188259
0.11096425,0.0,0.11096425354480743
4.1728635,4.190205493683579,0.017342010254624007
1.0887585,1.491506011584638,0.4027475429567082
22.281992,22.0015501761079,0.2804417825102625
11.992977,11.75461700522438,0.2383601371096038
30.701326,30.791189928686276,0.08986355844701777
22.46774,23.018471432339968,0.5507323271153588
9.052796,8.894886759427553,0.15790960440301305
27.883898,27.210288140108457,0.6736096412636137
22.936138,22.999943564343155,0.06380541126698347
5.0757184,5.999218702593245,0.923500299730696
32.976147,32.74607117656203,0.23007552143601373
30.99844,31.708761177092036,0.7103213882736767
33.619534,33.608389262055255,0.011144276763104699
34.832657,34.31078097227869,0.52187588807287
7.3913608,7.2073751452061945,0.18398561452891293
22.81593,22.952095983121662,0.13616657027986534
38.31399,37.93397030113467,0.380021245496188
19.12632,17.25233962281622,1.8739802624376871
15.347558,15.752046029495311,0.4044880079499009
34.618107,34.11935526832266,0.49875157371835854
12.907983,13.051218669715032,0.14323584348212215
14.623808,15.400843324084404,0.7770354169799116
25.848936,25.917717655254215,0.06878157432159782
32.781612,33.827773154194595,1.046160757954361
7.0428286,6.888433234688776,0.15439532518671228
24.370388,24.345859638845177,0.0245283921606827
25.487228,25.63480231966564,0.147573926110951
21.098957,21.084350650077837,0.01460641168974064
74.4012,73.98784025585456,0.413359084965748
0.1782877,0.5015303576045367,0.32324265778592554
8.112449,7.840346413754972,0.27210227856680547
2.8070338,2.6672879913003738,0.13974578593656473
0.5797574,0.5473449288891404,0.03241246351732319
51.047165,52.91760857605956,1.8704436590673694
3.726366,3.4232208640108075,0.3031451790800128
9.5300255,9.398482267453444,0.13154321472429054
20.711765,20.294478330832234,0.41728695847440633
22.105879,23.35145434126535,1.2455755113092941
22.62384,23.528721901452034,0.9048815694207839
27.518661,27.482022126189026,0.03663937283441143
30.02195,29.645539850504534,0.3764099175618725
0.7807969,0.5986177040756271,0.1821791814147904
20.244787,20.75488175061882,0.510094534432298
0.1795745,1.0248742027172388,0.8452996982225718
8.1505,8.309032516475705,0.15853221892931835
18.716562,18.5495406029706,0.1670216681475658
30.1758,30.386991609208355,0.21119128572202683
20.025652,19.592028131505213,0.4336238002574824
2.6671755,2.8757746150149246,0.2085990836275955
39.95917,39.929783708650824,0.0293875865151918
16.517183,16.992461025287028,0.47527772145402025
2.5444684,3.351539727002957,0.8070713241404084
4.528652,4.705643616560978,0.17699142539886825
39.748905,40.71151362615194,0.9626084442671754
12.485834,12.276480505059862,0.2093536166442398
10.484417,10.557881957540568,0.07346499587064592
14.569003,14.651654346476713,0.08265124131313861
15.10431,14.447607412782437,0.6567026229231292
3.199881,3.420680202305403,0.2207991254926589
10.354783,10.32700358785947,0.027779470307033094
1.5554042,1.5430477272022454,0.01235645904653393
8.520639,8.690992221767376,0.17035280221171156
17.597027,17.644931173293298,0.04790434834212576
30.262142,30.91668300911524,0.6545408277187548
43.43359,43.920743602530244,0.48715366722750986
13.370017,13.484590880810776,0.11457382911399883
45.62571,45.705503505383376,0.07979397169197
14.026791,14.053962875625208,0.02717225672872381
22.436607,22.563671035703674,0.1270636748638303
26.98221,27.020513049830004,0.038302890528246536
6.871868,7.021270431433158,0.1494022978882361
7.8776536,7.789470015873458,0.08818358291194262
15.624826,15.559615169682463,0.06521126159195134
3.209931,3.5047311997649224,0.2948003030058892
9.5433855,9.532575206141493,0.010810299534776746
4.0300345,3.8115341771376476,0.2185003649460926
0.00011622215,0.018152328254185987,0.01803610610175775
4.937271,6.434413458394513,1.4971423402304502
5.6122146,5.47868980968175,0.13352475559534938
19.549625,17.543344605926283,2.006280790802233
4.417887,6.113352059702902,1.6954648488569548
0.93131506,1.9794456254431319,1.048130561012895
36.646904,37.07081170521533,0.42390771351610823
37.625237,36.95295085777105,0.6722856534594186
1.3664318,1.4002158447643012,0.03378401245076357
8.369127,8.278435343030928,0.09069193052864222
39.301388,39.24219903739935,0.05918874946588204
19.665184,19.862596907085244,0.19741288608915042
15.277395,15.39565717223804,0.1182619238249547
15.249665,15.139458462808882,0.11020679750605922
3.1441898,3.0689248474173456,0.07526498717738095
21.240505,20.941973890500037,0.29853132800582216
2.9963708,3.58740749918588,0.591036706796964
21.748964,21.63233971528866,0.1166245944037243
9.231625,9.157833202567737,0.07379140070374746
15.958553,16.563251115004253,0.6046978007952681
36.64209,37.03191602377959,0.389826180029587
20.79618,21.445956163110296,0.6497754380126395
7.8707814,7.869865487037395,0.0009159346239817623
29.107464,28.91168763227706,0.19577620439286036
50.802876,48.33633069919744,2.4665448196013884
4.9635606,5.349715119021471,0.3861545378141953
0.11885684,1.1742458889670306,1.0553890491313869
2.6011446,2.588200358116191,0.012944194114643981
24.655005,24.72568145448579,0.07067695314301758
9.196757,9.226671373999325,0.029914057409969885
15.100266,15.08178768808669,0.01847876851731378
11.449325,11.34719535858154,0.10212924926758049
8.7058,9.019833735226092,0.31403367876857224
2.0737019,2.136684816676816,0.06298295815630839
9.520265,9.23463469594614,0.2856299296031768
1.3706152,1.7925558996424957,0.42194065573075257
25.701057,25.10027947463634,0.6007779594456899
11.557538,11.518468684615273,0.03906934791646499
23.789917,23.766566160102546,0.023350832084954476
26.091938,26.769681777761072,0.6777437589622437
4.877827,4.945642782765573,0.06781561525458635
9.779645,9.648887475994119,0.13075749013136928
56.41505,56.069583367243006,0.34546713934879136
12.046226,11.886884833864348,0.15934071392617888
43.134567,44.32216825464006,1.187600993897874
17.69963,16.69641208668635,1.0032186506183365
0.003752113,0.008313780127363262,0.004561667040260491
18.905907,18.645816952584592,0.26008972466150126
8.007564,8.045220825036207,0.03765723403278898
10.508832,10.502234603300614,0.006597374543623857
25.01468,24.87472649411182,0.1399543683149389
2.1538785,3.298273854027757,1.1443954036340802
12.888271,12.882356657699685,0.005914674087424743
33.624866,34.4184568222242,0.7935903366284975
5.0214014,5.431764986593148,0.4103635812586752
1.2496885,1.1151225313269535,0.13456597479945032
0.0018940046,0.0,0.0018940046429634094
28.27529,28.386254314603324,0.110964779080863
11.215301,11.167941603331194,0.047358956666364804
8.494878,8.704729653565401,0.20985183831881926
10.347109,9.94644937137654,0.4006594695658432
20.150898,20.482323875869778,0.3314258961334495
2.701706,2.381144732766967,0.32056119985022047
11.813487,11.616343477948204,0.19714357496927626
24.898796,24.99951935140751,0.10072326986454172
14.04873,14.178450711706814,0.129720815161404
2.5487301,2.4663932733386087,0.08233686162538056
14.484356,14.364210052097764,0.12014587441590763
13.739116,13.477563422074303,0.2615522929525529
31.594093,31.33125934959174,0.2628339731621665
49.865685,49.90797590965948,0.042291400382133304
24.46685,24.426098963135786,0.04075131762593287
28.390923,29.10957204323929,0.7186494968525707
22.16034,22.192177116477332,0.03183776100858182
13.124099,13.152705905209762,0.028607127438766256
33.469448,34.009596596054664,0.5401485064550542
4.465592,4.461833598223419,0.0037583092778019633
13.35469,13.053624099984445,0.30106549809905125
28.81046,28.633817999983556,0.1766411369793346
1.0886322,1.6494611813589868,0.5608289553686914
15.429279,15.159145328023197,0.27013399936938143
11.626078,11.416787082448272,0.2092905695292675
41.992683,42.79963698380032,0.8069535731557878
30.725052,30.785716214340876,0.06066433445806396
15.396804,15.487275520779393,0.0904716648833972
56.337524,56.69982972627532,0.36230531221281836
26.826923,27.29697019952585,0.4700468291645201
0.7757355,2.069630003587819,1.2938945061131486
0.4117719,1.0227814808173405,0.6110095873160588
35.768845,35.782112477030424,0.013267872538236247
2.2575371,2.933928282110015,0.6763911555688775
1.8521317,3.1717696513351052,1.3196379269775003
0.00010372318,0.0,0.00010372317774454132
0.045168266,0.6671251917626352,0.6219569260622949
5.224683,5.0006788894150755,0.22400391850728774
1.0197048,2.921236547158584,1.9015317284329982
12.682103,12.405576523163374,0.27652663388008314
42.947723,43.17035630934906,0.2226329206771851
0.9411935,1.769962319450072,0.8287687984272754
17.120438,17.204792607180654,0.08435498511034112
10.191249,10.332480704467535,0.14123181072974234
31.438417,31.140182939002624,0.29823449568975846
22.904629,22.811599290794184,0.0930294628679249
45.852203,46.82231595469558,0.9701125855549577
13.594758,13.569400956040964,0.02535707771147777
34.458267,34.99378528829232,0.5355180763782599
10.853041,10.515943509079834,0.33709718611059536
2.2670977,2.0039077270220886,0.2631899845410217
0.16704263,0.7192862320371705,0.5522436041065293
3.0791714,3.2146381899355645,0.13546677079188774
36.88775,37.486475248625574,0.5987265303638551
5.020635,4.816389010607844,0.20424611741339582
53.238876,52.746228263364394,0.49264807940904376
9.153404,9.205428852843232,0.05202461700338823
0.3778313,0.10815218584811206,0.2696791241856862
10.009798,9.985670929002433,0.024127120924324785
0.043177564,0.18102432654323056,0.13784676284613087
28.318396,28.364223745287713,0.04582813066368985
21.04151,21.410745142832955,0.3692355145370563
23.241573,23.165491084731652,0.07608224900858218
21.565157,21.134971523922616,0.4301854127228921
4.1773725,3.9250658484010597,0.2523066071958642
0.02380533,0.0,0.02380532957613468
3.0890256e-05,0.0,3.089025631197728e-05
11.843475,12.035388023078868,0.1919126812819929
23.38086,23.860147976051483,0.47928860105148274
1.104568,1.1930955480087186,0.08852754340056435
13.53783,13.253271352278839,0.28455900050436433
4.567787,5.201897812109939,0.6341106416997828
13.192106,13.200271421585827,0.008165174637584371
1.3020037,1.0078838231568137,0.2941199181075296
3.4468074,4.310862234069429,0.8640548495784621
8.649326,8.58420593127252,0.06512039319037122
39.4141,39.42139258083009,0.007291933857430877
24.270264,24.20698010597346,0.06328356590153916
8.163234,8.354763035109958,0.1915292780909148
10.069542,9.707102579188412,0.36243935196393195
25.495504,24.8472219483282,0.6482824309442599
42.856167,42.70615488988348,0.15001194971613074
8.239104,8.106224965981932,0.13287930495312672
8.719549,8.671956617364517,0.04759256171263182
23.743784,23.899780511782158,0.15599656097649373
7.3828588,7.1663587969410685,0.21649995626327723
0.0002602217,0.0,0.00026022171368822455
12.508488,12.24223809347959,0.26624960793642494
28.871847,29.19189103967198,0.3200438869620186
19.197779,19.321929299075094,0.12415059729286781
0.03917203,0.028303230544793834,0.010868800440561543
18.263273,18.202177804177133,0.061095434958609474
30.26832,30.39579363843085,0.12747355481268485
4.2165184,4.1263652221128,0.09015317998680938
3.974177,4.219834269090805,0.2456573853932955
4.778658,4.746942170598183,0.03171574260982446
21.247229,20.167613249362223,1.0796153730743008
1.7955749,2.694424299595319,0.8988493961071597
35.293003,35.48368558788144,0.19068250560604838
42.257233,41.810726599293005,0.4465060667226197
7.865681,8.101390862192046,0.23570969077480974
22.571857,22.857000831564275,0.2851433791716964
18.245623,18.28582667985616,0.040204044968465524
3.3510542,3.805736396835893,0.4546822052465376
11.598076,12.0561526716096,0.45807680491038205
56.204266,56.113535408594075,0.09073018588834714
1.0128711,1.9044134792962675,0.8915423330941801
7.84642,8.656436353524075,0.8100165422752958
31.543682,32.55917465691064,1.01549255852197
22.193851,22.428048272445128,0.2341968014978626
24.66678,24.91950708170148,0.25272660989972096
22.379013,22.83375800786856,0.45474494634512297
29.228167,29.26246716411031,0.03430058391011315
29.68106,29.90440589843554,0.22334510741991664
0.2141656,0.049773671012643184,0.1643919271414248
4.8192925,5.106813350375483,0.2875208050568796
23.184465,23.504333610581934,0.31986820225673895
10.81978,11.503851641930744,0.6840712921992989
10.455896,12.222563462168536,1.766667084605059
41.903915,41.556272476764086,0.34764292850935163
20.586075,19.861191275262996,0.7248835538385663
8.817506,8.902527201309411,0.08502136482259459
9.329165,9.337092044326038,0.007926585646838902
15.635289,15.860382333908309,0.2250931417086015
36.184814,36.63908973701262,0.4542752838876183
24.887882,25.097978169007234,0.2100959363412187
0.28026336,0.0,0.28026336431503296
42.71879,43.27150385043409,0.5527157034614305
46.9618,46.49697416531187,0.46482545627016236
3.8581996,4.0317501195899075,0.17355052318487818
15.624913,14.626151684008304,0.9987615316289027
0.0007052235,0.0,0.0007052234723232687
18.037996,18.013354039095795,0.024642253018463123
12.22631,11.97106582578774,0.25524395051841253
0.01895292,0.0,0.01895291917026043
5.457827,5.268387988024432,0.18943910319260926
23.018911,22.98831827986627,0.03059308182806575
1.6386607,1.892357035908179,0.2536963665813967
76.99947,76.1909003490901,0.8085732226872437
9.133882,9.402713240845214,0.2688316719365229
29.953337,30.336135708242015,0.3827989925437727
10.497393,10.525163670096802,0.02777101567785678
23.112072,22.904610102185966,0.2074618887808306
9.847962e-06,0.0,9.847962246567477e-06
7.3477626,8.006778408284745,0.659015823598466
58.25302,57.910783101613355,0.3422381386210205
26.365122,26.564600917489336,0.19947907605867243
13.638439,13.24845940614252,0.3899797723242777
2.471045e-05,0.0,2.4710450816201046e-05
31.591125,31.649558711784696,0.05843322350344593
25.189941,25.25449601368524,0.064554607435241
34.614838,35.16884269340148,0.554005046917105
1.0849923,2.129717835163069,1.044725545619917
8.608819,8.23222575693742,0.3765932509361143
42.022194,41.69302213879967,0.3291717698917367
43.219646,43.60087414620305,0.38122769234562526
31.490154,31.646066697903283,0.1559124315458611
17.48761,17.270217491896606,0.21739237138464418
42.86176,43.02797481871451,0.16621563292349606
12.991316,12.710227049746845,0.2810887919279601
5.2850733,5.263255574714886,0.02181770561958629
6.966441,7.794457911942104,0.8280167574621231
40.75342,41.03784870946041,0.2844269260131469
26.146664,25.950117209964723,0.1965464558067609
16.301334,16.17096911569743,0.13036526540608406
15.197647,15.461208981473877,0.26356188674731484
10.42494,10.312446276416745,0.11249383283618464
40.629738,41.35048110518327,0.7207432511793641
10.2508,9.821661173228344,0.42913895952312053
3.9194334,3.8213594440536216,0.0980739112777993
22.813616,23.04384464818561,0.23022884923541298
46.34006,45.99455330225246,0.34550788549167777
15.25976,14.928345125856499,0.3314147770976028
0.22086675,0.5200875687603571,0.29922081410928747
5.063018,4.91544741037028,0.14757043478352827
0.3865648,0.3166510531597109,0.06991373804283424
23.450974,23.530824605256182,0.07985109451399452
26.336372,26.459626576416927,0.12325420092864547
12.812545,12.632849333972736,0.1796954887201352
33.123882,32.886940186079116,0.23694210762205614
9.344912,9.77705035514556,0.4321387798281773
7.638158,7.446746946535102,0.1914108980083551
11.943278,12.53306122934591,0.5897829166628039
14.788043,14.257672501508598,0.5303705206471641
11.254433,10.986209262549314,0.26822341567334185
4.7757626,4.721630848560705,0.05413170942269385
35.61482,35.439625079457024,0.17519349354102332
6.7936025,6.941129142550944,0.14752667596769165
30.852518,30.909878521062197,0.05736043939715785
24.644472,24.99861415519727,0.3541420330048872
28.787012,29.039576136532773,0.25256403631304636
11.929239,11.846831703199117,0.08240756987217246
7.991186,9.090434349327309,1.099248207359535
15.121411,14.933079113444537,0.18833221010282664
14.142393,13.934476525396992,0.2079165867856254
33.230736,34.33933795969444,1.1086021808858462
33.000374,32.50041141525545,0.49996242507658195
0.9255372,1.238020658662314,0.31248343007802437
27.353285,27.221128678857202,0.1321561569582279
12.794156,13.405044671317963,0.6108885967940374
10.655584,10.437176297418095,0.21840803790905383
11.553387,11.715671941067423,0.16228525283500161
38.526073,38.82679051923444,0.30071706342389604
22.2796,22.142357236335965,0.13724290709665254
3.4488802,3.524240007376949,0.07535981175927331
36.760628,36.757503429300726,0.0031243172813049114
9.919547,10.037846801552178,0.11829972055852522
21.89181,22.51259835495485,0.6207888914538735
15.944925,15.916625989894003,0.02829931833353605
30.91928,30.81996712468558,0.09931197382516288
11.343646,11.762084470664409,0.4184384211648968
37.093018,37.72732486087079,0.6343072827457874
3.6172013,3.691644479669758,0.07444315139216995
0.68631643,1.3714079754535415,0.6850915448848465
9.8784075,9.435833613140408,0.44257386519211117
45.102093,45.65589347600389,0.5538007330839676
23.451963,23.46415062676499,0.012187202082373005
35.108665,35.001401532640614,0.10726393366797993
24.814589,25.021771541862233,0.20718299510930294
1.786564e-05,0.11676307015346145,0.11674520451429606
25.00865,24.655661508302767,0.35298831774703743
22.562223,22.460555381735023,0.10166805271321877
10.646636,10.25425131071703,0.3923846984992778
19.66749,20.185024616044007,0.5175346105508432
0.23566465,0.3839516489422921,0.14828699814444818
0.4506564,0.927511469125573,0.4768550550935906
21.792845,21.557767494304645,0.23507727803422185
3.551988,4.13131767222575,0.5793297857969169
1.9748701,1.7830276209774873,0.1918424647387602
10.060259,11.130750595523033,1.0704917301665873
1.5316236,1.2296599080160335,0.3019636938974186
4.9134817,4.826520333245225,0.08696137909608392
35.920074,36.003884860231516,0.08381039734089057
15.423117,15.345139784880258,0.07797689907970273
38.30349,39.05268046651143,0.7491907814528389
0.038259745,0.0,0.03825974464416504
24.262848,24.37632484150146,0.11347694111083584
12.591541,12.559506223432383,0.03203506685082047
10.484576,10.106373013377484,0.3782032119032781
25.141151,25.096861248399318,0.044290179823338605
17.664536,17.157629449649527,0.506906072811411
13.251614,13.38369657319677,0.13208295625341115
19.684538,19.43807811804418,0.24645976952906068
29.0729,28.758876887037392,0.3140238850573347
0.019146273,0.0,0.019146272912621498
14.747781,14.945291919826433,0.19751111996071025
7.797038,8.66519296447523,0.8681548861671242
11.606182,11.121941145714112,0.48424095267455947
25.468067,25.374312457263926,0.09375471192552709
17.138641,16.74051108253589,0.39813027488598607
0.8337546,1.706616347693435,0.8728617485990442
1.6708258,2.03682067361108,0.3659948345684163
0.0109066935,0.6586807015667051,0.6477740080410928
18.574812,18.639043860900546,0.06423192547574175
36.917503,37.840324265882614,0.9228209089490207
7.1671247,6.8464243620076735,0.320700386222307
19.3961,19.542965689850433,0.1468665992742615
4.178863,4.251751188072905,0.07288813951943851
0.12021781,0.0,0.12021780759096146
0.014199299,0.7054986014067132,0.6912993026002247
27.067957,27.23749208593657,0.1695351614980929
41.82365,42.711024919175166,0.8873745590677444
16.077898,15.95620626892424,0.1216917565884561
33.10935,31.786131897180717,1.323216399938424
34.769527,34.74857461162793,0.020952823674804222
30.138418,31.150341108329393,1.0119229106975567
22.501665,22.718414819806938,0.2167497044504927
24.633078,24.77704906629928,0.14397144483931967
25.49201,25.419944123629364,0.07206599294778471
0.86986756,0.8779274788679206,0.008059915620239888
1.5147808,1.525399902698896,0.01061914288749466
25.35216,25.4404459222643,0.08828642214222882
5.843939,6.40848654302004,0.564547715505392
35.285748,34.440684029020794,0.845063499055378
17.705753,17.917771783069046,0.21201845665303054
4.869022,4.654848599954747,0.21417329259286078
5.8584957,5.548592096853886,0.30990361542638745
15.860478,15.73324665013968,0.12723175104440188
5.121286,6.50704029298597,1.3857543776112138
32.549477,33.00853635572429,0.4590597321891323
8.277711,8.079018895807897,0.19869201880391962
4.7193007e-05,0.0,4.7193007048917934e-05
24.635485,25.474188861064558,0.8387041656299878
30.675455,30.970806421529097,0.2953513281453084
27.279367,27.43559934809553,0.15623190119611507
6.883033,6.6869983462909754,0.1960344524761144
8.786535,8.612656186589753,0.1738790764717706
0.1331462,0.0,0.13314619660377502
26.322294,26.6332312596292,0.3109370243997063
55.63766,55.51922031235026,0.11844066787435281
30.79874,30.611458750705125,0.18728163625776517
37.210903,37.31577513004896,0.10487196232435281
26.377787,26.094342107767186,0.28344452858535263
0.29231423,0.0,0.29231423139572144
16.447796,16.554680174818913,0.10688430689899064
10.966351,10.812211349496744,0.15413920592317787
8.558184,8.661234095649737,0.10305042560579203
0.015849097,1.1368202073568816,1.1209711106563325
7.0270357,7.258539647521179,0.23150393432537797
16.79826,17.083324806510493,0.28506507140307136
17.547255,17.50160699529806,0.04564756707986817
33.157665,32.621048863363015,0.536616389322532
16.331573,16.135903783484693,0.195669702843432
0.41184717,0.176295074686619,0.23555209948101405
10.526062,10.426565123160142,0.09949688855860828
12.75356,12.98199363460342,0.22843356838027518
42.763542,43.327173043240265,0.5636308679472961
29.908821,30.34405780310137,0.4352366971443402
0.94072586,1.9784863026162267,1.0377604396363378
0.4778054,2.0006633182326605,1.5228579123774817
4.6697927,5.086198916408617,0.41640626427849003
0.86893296,1.6904371694993805,0.821504207081778
28.568619,28.49733811027246,0.07128066414160372
3.6433585,3.453614947598491,0.18974352141090822
10.153867,10.422637651448825,0.2687708835655247
7.845957,7.946138136596819,0.1001813342286546
6.830615,6.682418876735287,0.1481961669048495
34.79543,34.719586062094734,0.07584316764159382
0.0008543258,0.0,0.0008543257717974484
1.3255745,1.2456216831737104,0.07995283407635068
14.813289,14.208008885252562,0.6052798034071056
0.962066,0.8006944016026118,0.16137159313692062
29.244455,28.617249878601804,0.6272054589226101
4.7678804,4.679997726944685,0.0878827128136157
23.83282,23.640852205343784,0.19196868699020087
10.11192,9.72752969337137,0.38439066337911854
24.037832,24.173947827528778,0.13611556739694208
21.138754,21.802109550934485,0.6633556599432744
8.64714,8.85508221953871,0.20794267028333913
11.696256,11.84306637554878,0.14681069164985416
13.982919,13.739716866909315,0.24320187240953217
12.077059,12.227378442239196,0.15031965012493842
17.822916,18.368562821567647,0.5456467906838576
21.476768,21.360127366047344,0.1166411276049999
10.083984,10.843231013668989,0.7592466386689889
3.8360837,3.7174057519368984,0.11867789865209089
22.815744,23.099101643948337,0.28335724392392336
27.995365,28.878324190997933,0.8829590481756675
8.049038,8.328575543906,0.2795376105563907
31.157162,31.611511101304014,0.45434938865752983
30.328358,30.39442311570662,0.06606541917341602
22.51242,22.078531612030442,0.43388904226643277
3.291867,3.5694861751059306,0.2776191573599589
7.152908,7.485256069064102,0.3323482207059474
23.366842,22.66498876450517,0.7018535053922896
21.994406,21.247687841365252,0.7467179050947088
9.071344,9.146427211780196,0.07508283616984457
32.144592,32.552003658182535,0.40741137302628516
21.563715,21.238920252083144,0.3247947289959576
14.453739,14.415079054871516,0.038660111388249874
11.608486,11.675213323199076,0.06672714766196641
19.603146,19.874373007341664,0.2712274079764292
3.2426963,3.383304303170329,0.14060801792252642
9.225591,8.913807436892583,0.3117832689789992
14.950898,16.117054365772567,1.166156195301376
13.647497,13.580064331402292,0.06743284572173103
18.534834,18.770835921432163,0.23600201335110782
35.915062,36.692366325839366,0.7773043751557722
18.567898,18.19582933803842,0.372068458592441
0.48053637,0.7450290405757908,0.2644926691062931
57.701946,57.34954970304595,0.3523965554989701
32.055897,31.99020642661776,0.06569033241544275
22.218765,22.23967397266934,0.02090871388027793
1.3054565,2.0567391812492333,0.7512826621223412
8.658996,8.417380073390401,0.24161555496653264
7.182029,8.69948388007612,1.517455109629342
4.2424426,4.324658608460275,0.08221600058063672
21.722559,22.199615423213704,0.4770564479939772
0.0027372884,0.0,0.002737288363277912
32.159065,32.8865196986611,0.7274544520790656
11.6771345,12.04327286129287,0.3661383474378894
7.5256867,7.323152736860924,0.20253400401432042
8.491336,8.113672171819898,0.37766369701555114
11.300569,11.371700998214838,0.07113241758739619
17.678925,17.572380086012952,0.1065444745339228
15.786912,15.63099394808223,0.15591801633427416
39.420925,40.51831055097997,1.0973854105991094
15.877076,16.016659931506176,0.13958378251935954
7.5264955,7.351291781954879,0.17520367474067733
28.42514,29.110163603581775,0.6850232227223998
15.707241,15.405325769078237,0.30191528927137234
1.8884026,2.531839117774911,0.6434365365600061
43.41736,43.40948452892373,0.007873869513773002
63.392433,63.08850109272178,0.3039320737821285
0.12581529,1.2244708059126366,1.0986555186802376
67.64468,67.31819386317939,0.3264823453167054
7.0710573,6.848648099823634,0.22240921981747963
6.3503838,6.312965621216783,0.03741813732813881
39.086826,39.362763224087175,0.27593689962428414
23.971544,22.429658740732947,1.5418855250141235
30.822554,29.713249187722944,1.1093044469206106
12.783103,13.057872809319843,0.2747698201230655
0.35444662,0.6075954998037163,0.2531488800546471
18.764023,18.4767523751355,0.28727045201293677
3.5200856,4.235346683406384,0.7152611102099726
44.40576,45.797575490131564,1.391813771381564
12.749424,13.040509830233809,0.2910858495209183
11.061008,10.990082187525976,0.07092626584316442
11.449986,11.338006162618894,0.11198029520581265
0.0012941685,0.45733985281545847,0.4560456842882204
29.565756,29.520400243041884,0.04535560107432701
27.668886,28.91126289764718,1.2423767129547976
6.1377068,7.016589415936602,0.8788826593448054
10.109765,13.098088701769665,2.988323648974255
20.968384,20.84628334841151,0.12210044065098913
10.028806,9.923775024241897,0.10503070848515428
7.303479,7.467540357741559,0.16406116310044538
10.874158,10.80306943775049,0.0710884678281225
24.305044,24.666958732906348,0.3619145587120123
12.11856,12.348039029757171,0.22947919241586234
27.174267,27.381112458487564,0.20684564330201738
14.037377,13.992795153999486,0.04458220348342401
8.809354,8.717181803763227,0.09217202466694907
25.824179,25.908322926171646,0.08414423049293518
38.190533,38.45088697343386,0.26035428910768843
10.797951,10.132598544707449,0.6653521999214576
13.095132,12.83728074210069,0.2578511319837826
9.863841,9.766577430658897,0.09726362616483364
10.802214,11.75618948163585,0.9539758128126081
19.514631,20.06933723102731,0.5547059596650037
5.994365,6.124227704327802,0.12986248902628805
13.55291,13.335371867721578,0.2175379833526403
0.013417128,0.0,0.013417127542197704
27.940256,27.76516917892913,0.17508693984528279
2.8589494,2.845319642053135,0.013629780783168677
26.45481,26.566730464338086,0.1119212754953125
22.830278,23.09703005412655,0.26675165752010344
6.214154,6.896311285311977,0.6821575186798965
27.790054,26.58101259389082,1.209041727398244
4.6208057,5.030372091941684,0.409566351585239
17.244278,17.41857882217015,0.17430086806858824
22.708944,22.333315982866445,0.375628337812266
6.1020132e-06,0.0,6.102013230702141e-06
41.533916,43.204504366612895,1.6705878932242229
8.603019,8.390414225943484,0.21260453473766816
29.511742,29.53507552199778,0.02333388381418544
7.642198,7.986269548863061,0.34407146307814873
12.082231,12.214988998130245,0.13275843019811617
23.2013,23.458246964644694,0.2569472972862954
15.9129715,15.791494047191057,0.12147744939097471
9.317502,9.265732343931143,0.0517696778584078
8.700492,8.29456314193437,0.4059287632780322
20.703743,20.55721951888978,0.14652346206725042
44.745495,44.5826173734391,0.16287746909019774
7.744318,7.751877637729116,0.007559629306264526
14.4474535,14.166866709685637,0.2805867891546949
12.965818,12.72372634758866,0.2420920575627079
1.3080896,1.581852096670988,0.27376248275649817
29.87377,29.98603297496589,0.11226321483405499
33.9717,33.877618016487226,0.09408074449910231
4.000427,4.1622259524059615,0.1617991831493697
5.7740984,5.662424904174605,0.11167349212666444
1.6495867,2.8164214875849853,1.1668348100337158
35.84933,35.94498973237496,0.09565883027534738
25.955187,25.80038381448655,0.15480302938551915
31.099281,30.749161925467295,0.3501193855678615
6.2606125,6.294465593648899,0.03385310585592993
17.194809,17.15636747016347,0.0384414897974672
18.664925,18.919493567653408,0.2545689460713767
37.20755,37.77278434641317,0.5652342975850431
33.03789,33.703714588569404,0.6658232006299514
11.799407,11.597936192797972,0.20147081251208654
33.09542,33.087972006355145,0.007448831047199178
0.00055818254,0.0,0.0005581825389526784
41.726353,41.19674213996476,0.5296105516856286
0.60986483,0.6229975588849526,0.013132727914188402
28.626991,29.2254556014124,0.5984643294397429
38.530525,38.441775884516126,0.08874932300340532
3.4366248,3.4730566757594286,0.036431910363310394
5.6290245,5.240040134781101,0.38898437083413295
30.947649,31.034772374622666,0.08712337254747027
5.6989903,5.691066693609361,0.007923651391859465
4.817734,4.620444078767162,0.19728968588127582
24.373466,24.449994165520224,0.07652767382100478
9.431303,9.8179359907626,0.3866329664706072
10.603015,10.690650099565655,0.08763515358176832
20.182495,19.364172409210425,0.8183227079770745
0.32595858,0.4714671948194136,0.14550861504074236
24.787529,25.229460516793225,0.4419315250940059
9.572875,9.494531366186052,0.07834365670213117
19.510931,19.74967074424999,0.23873972923534126
8.741087,8.436415776525035,0.30467118331383247
37.003193,37.54455764941274,0.5413647478014099
14.3652115,14.39074522450295,0.0255337376865441
3.8205216,3.8071885763511633,0.013333016742708814
8.703094,8.740689930891074,0.03759640214351556
1.8594486,2.020994820931779,0.16154626880012612
25.988495,25.95146884217309,0.0370260308737862
19.239717,19.43336186040628,0.1936443768857714
6.0028477,5.98161806981334,0.021229601695448963
56.02591,55.83117167171902,0.1947377521091056
14.458293,14.754491881221302,0.2961989201006965
0.9323145,1.4659201495292933,0.5336056344154627
8.720824,8.40973030872224,0.3110939329159432
37.972866,37.91537513484397,0.05749092350563956
3.5855744,3.8950606283980758,0.30948623989404744
4.546928,4.999149081277904,0.45222115235334304
45.53334,46.41238221819463,0.879041764093067
25.806255,25.965645183562913,0.15938984298674086
5.809685,5.594056393357892,0.21562883689723478
31.285812,31.289326550328617,0.0035141723989298157
21.249266,21.544020371261627,0.2947547004852602
20.749998,19.71305238133526,1.0369457113161076
7.0818186,7.297395054105297,0.21557647347785558
37.760616,37.91161425129215,0.15099794880191553
12.846184,12.438554218313609,0.4076295585418599
0.8551647,0.8876812051907906,0.0325164984837899
17.177576,17.153957183176892,0.02361888188658412
6.087792,6.566023307240663,0.4782313875324107
8.485519,8.766721136630064,0.28120172745037664
39.602375,42.14660895797784,2.5442339274602617
0.0010456438,0.0,0.0010456438176333904
35.61924,35.57567307781224,0.04356672931666594
21.162922,21.11380984855374,0.049112056963839024
19.445337,19.60926650585165,0.16392921031942365
47.785923,47.64577865015884,0.1401443539915519
2.6984859,3.73259158018211,1.0341057288942683
12.782371,12.891174967649992,0.10880440032821426
1.9483491e-07,0.0,1.9483491087157745e-07
15.367841,15.228350488309426,0.13949027859731267
6.6005697,6.886620257884768,0.2860505328481473
11.679203,11.225698436013303,0.45350459743396243
0.41515622,0.09818129352710148,0.31697492190220455
9.603709,9.79063423663262,0.18692501574638953
15.783593,15.885792308016429,0.10219913022101856
0.3253627,1.3172805134019647,0.991917801257113
7.8197603,7.614550622119642,0.20520970045115838
8.346691,8.129748541410587,0.2169425901812101
7.568306,7.203605513972816,0.36470045526546535
1.8507392,2.09012601988089,0.23938677923452767
0.0019899071,0.0,0.001989907119423151
19.616121,19.61931729749161,0.0031960053773509856
7.1478906,6.896382912317742,0.25150765546179876
17.951794,17.713226849237884,0.23856682141641272
26.068691,26.260616203935186,0.19192495027307643
30.289257,30.401479794066358,0.11222274450581082
20.576265,20.408819045048688,0.1674462900343201
44.43196,45.01915396644845,0.587192906878137
5.9686565,6.9792396188248,1.0105830789078079
55.040905,54.855091037270014,0.18581396150928242
3.6413193,3.544514759188572,0.0968045157137718
43.134335,43.25897232123519,0.12463775702620694
16.284378,16.335566027051378,0.05118797529356556
4.7569294,4.684478865676637,0.07245053190637041
9.570252,9.104449271030559,0.46580314748750773
34.92006,34.34678389178941,0.5732753123121554
1.02627315e-35,0.0,1.0262731490025715e-35
11.599348,11.590228660492068,0.009119407745236785
10.328215,10.040933121735183,0.2872815236505595
3.1443875,3.2636351878044167,0.11924770420761499
26.882761,26.762137383095002,0.12062361849191205
11.814509,11.282657063427385,0.5318523283572834
37.015064,36.81734869616995,0.19771554333200214
13.681302,13.50410656363929,0.1771955069783857
43.429844,43.30154281223523,0.12830109035265735
2.8276327,3.6638424106785643,0.836209745044409
33.938816,33.575489928114166,0.3633261424424745
15.083105,15.071087483537633,0.012017603742640048
11.678581,11.570803603965755,0.10777763382721339
24.427013,24.460772324632966,0.03375892741616937
36.10679,36.89397043016567,0.787181794911767
36.4047,35.23376646271898,1.1709347701911739
11.890205,11.951863113316659,0.06165773001587738
35.214966,35.03369131237868,0.18127450793382138
55.089275,55.85705707156898,0.7677817114615593
34.135326,33.925522967821955,0.2098034176760919
46.287064,46.52286390605632,0.23580030742351
8.456044e-09,0.0,8.456043865123775e-09
1.0161284,1.0647077813204715,0.04857936049069855
6.5465274,6.4411426086157135,0.1053847770959564
9.422161,9.311413199930413,0.11074790236450838
7.829118,7.7277178378816584,0.10139993708172046
39.02362,39.13223452657573,0.1086139211069792
0.000913945,0.0,0.0009139450266957283
5.0028113e-08,0.0,5.002811320764522e-08
8.357049,8.256024178968161,0.10102480937412395
22.785742,22.579819244990976,0.20592256103929785
15.185598,15.073166663907053,0.11243170950603343
12.576864,12.503037310595486,0.07382693195822476
37.666,38.718628689111966,1.052628322901029
13.885586,13.943999959748798,0.058414174836688204
20.873693,20.98789572034365,0.11420225415712792
22.132849,21.981805521374643,0.15104321824938083
0.033308752,0.0,0.03330875188112259
16.392344,16.52625405746612,0.1339105363479547
19.035666,18.70532964501616,0.3303358670688006
15.59818,15.40474568586935,0.19343413133035625
15.567927,15.217395991037,0.35053136949766817
14.83996,15.22560243217903,0.3856423339124291
30.653635,31.233967048282555,0.5803320232581406
9.439107,9.245286901386187,0.1938200398369574
34.26233,34.160803391940625,0.10152570962187468
8.96187,9.54480318974452,0.5829329962630752
0.004591557,0.0,0.0045915571972727776
15.013817,14.494734081002704,0.5190827524933894
15.618573,15.411031924990283,0.20754126379145532
1.5294371,2.165906695849058,0.6364696307245463
20.53732,20.683640044275183,0.14632086092557373
28.483187,28.55367297763233,0.07048625583057344
6.5500116,6.217320290652605,0.3326913441740551
0.910786,1.154971919597082,0.24418594652503
37.071472,37.254241444311994,0.1827692763432438
3.1141422,3.940004104754191,0.8258619252650554
3.582607,3.4495216584076465,0.1330853724608838
3.0167269e-07,0.4136730374192018,0.41367273574651675
1.7691976,1.8055558326683618,0.036358249469814474
6.423953,7.1737428030983095,0.7497897467628603
11.840792,11.452463815240073,0.3883278870304352
33.096657,33.50263386156808,0.4059770622516723
11.785149,10.749325376996305,1.0358232436091637
2.7534466,2.4304394100726743,0.3230071689068179
13.460781,13.42510248605801,0.03567861135409878
32.53703,33.04381145794783,0.5067821915904105
47.463547,48.08458685767258,0.621040104742896
3.4645038,3.4580197153364454,0.006484049769755806
27.827478,27.85477933894331,0.027300930129833034
30.214235,30.48726134942842,0.273026043642286
28.223997,27.981222160597106,0.2427749554917611
5.1315975,5.241313611126094,0.10971609220519518
20.50816,20.464978968491266,0.04318066895990569
5.4815837e-07,0.0,5.481583684741054e-07
12.417155,12.835564696286587,0.4184094304784818
1.7330854,1.4556595739502538,0.27742581995538584
0.5397485,0.3213950900644521,0.21835339979226787
0.20567968,0.0,0.20567968487739563
35.551712,36.103120423663704,0.5514083875308913
12.2706995,12.063148139847574,0.20755136119002415
34.50939,34.55729622223226,0.04790443756429141
39.10156,40.088609764721824,0.9870510794190892
20.859127,21.22993277740328,0.37080573272554673
14.9814625,14.985875901193323,0.004413422555627378
34.13103,34.768909278009836,0.6378782416328832
28.093546,28.110854474985853,0.01730856128956404
0.21147846,0.2727102520270312,0.061231795172210945
28.25423,27.913435866014563,0.3407946332530152
8.2115715e-05,0.0,8.21157154859975e-05
10.617998,10.614656847231746,0.0033412759371991285
35.393345,35.84351901193435,0.4501741327839568
0.010487698,0.0,0.010487698018550873
4.4634333,5.40372281998278,0.9402895542967444
21.393856,21.758313371488182,0.3644573229041974
3.4987009,4.071297836784891,0.5725969796224151
26.684652,26.77077359964678,0.08612127115556945
24.069948,24.883734736377757,0.8137865399666246
33.588005,34.188353274437944,0.600348208519975
6.0897326,5.878114234302059,0.21161841264007997
23.771646,24.571159637545538,0.7995131379117488
8.343933,8.144029340659252,0.19990376480949834
35.953888,36.49150284772034,0.5376149082672157
29.979088,28.506216854996364,1.47287097459348
12.410886,12.177834738619662,0.23305107223238863
7.321214,7.219545101376282,0.10166909768988042
19.707457,19.69538210788401,0.01207448086110574
2.1219106,2.1302309170243166,0.008320344972314597
5.522772,6.150053779120521,0.6272819437933723
1.1437926,2.347835074536264,1.2040424452943208
47.74661,47.722647313046956,0.023961421083903645
34.4424,34.890742203594,0.44834031760767346
12.24328,12.258895982464386,0.015615571697784603
2.4592183,3.1378555433873405,0.6786372797612419
22.71766,23.26381830421158,0.5461574002809151
23.483849,23.39938484388917,0.08446372788817413
4.438457,4.34624780067008,0.09220921150643324
10.516045,10.174556343179248,0.34148827351997113
18.247986,18.39974861245725,0.15176277261349824
4.6353865,4.621952877686314,0.013433589293666337
3.5891473e-05,0.5522035554729561,0.5521676639998665
7.533103,7.328519464996228,0.20458352420054915
23.04078,22.336052949493,0.7047261642765328
28.867441,28.436351973676526,0.43108920369163783
13.797727,14.014011061601533,0.21628443043698198
26.926374,26.935525805344223,0.009151369919418784
19.226105,19.240495395792834,0.014390659464709188
34.33847,34.38898944646457,0.050518987480195676
18.414732,18.633041010449826,0.21830903107970911
7.610463,7.746304669049599,0.1358415266545796
15.170485,15.018600312868978,0.15188422997770168
3.9386818,5.016542960494606,1.0778611195979995
4.5958123,4.800808241595481,0.20499592088625285
3.8680239,3.8600944926041247,0.007929379771363543
22.796135,23.23984883938563,0.443713890655161
1.2044809,1.5388237172823866,0.33434283082303606
21.908808,22.452844401603127,0.544036647086525
22.542898,21.71872201965063,0.824176158449955
2.9030907,3.3918123107212126,0.4887215953128874
7.194985,7.139054628426326,0.055930284445988576
19.668894,19.994603647480357,0.32570983339344295
0.70350873,1.8994715004049785,1.1959627657019145
27.520338,27.94269530356932,0.42235724509763983
32.208168,32.23491185750081,0.026743827715655755
24.030865,23.451711300136214,0.5791534154399578
27.384695,27.281088729901978,0.10360632319860841
0.5637028,0.7317008699224763,0.1679980481909089
15.315636,15.165804459142551,0.1498312220097926
1.1529268,0.9730844764056004,0.1798423262295925
5.307513,5.2175840902877715,0.08992914671174024
9.633849,11.004677770049687,1.3708286260677536
13.572626,13.382925854920003,0.18970025897159815
38.016487,37.89225292537288,0.12423419620915155
21.22102,21.55078521960341,0.3297654747303618
39.01289,39.2317420377384,0.21885217567785276
0.019473672,0.0,0.019473671913146973
15.0715475,14.388372445468837,0.6831750627709088
41.515884,41.524869839190764,0.008985439776701298
0.045977805,0.0,0.04597780480980873
27.469297,27.60758461899752,0.13828720993990373
22.070105,22.065204075500972,0.004900523498051257
3.2422972,3.5997594541835647,0.35746228163717797
11.747531,11.710451820525012,0.037079116669811896
10.453748,10.282772581268695,0.1709751680599183
0.9187513,1.2717671928474388,0.3530158934661827
3.3737028,4.320085497629985,0.9463827331188766
14.693854,14.863071302636351,0.1692169706661364
10.575779,10.57625346774904,0.00047450656740011254
1.615476,2.2349072124985088,0.6194312002685893
3.216341,3.348878284462144,0.13253726578538627
9.482269,9.256363047269945,0.22590623983943026
0.15177104,0.0,0.15177103877067566
10.839235,10.479319000179713,0.3599163056064203
36.01973,35.873675039363796,0.1460545748940163
26.175396,25.93584765303308,0.23954831254309283
19.197973,19.54988912058826,0.351915869245488
22.409687,22.181340651411723,0.22834639082460484
35.857586,36.24991262269287,0.3923267157104462
18.747223,18.941259315598703,0.19403641520807824
0.008534465,0.0,0.008534464985132217
46.764492,46.381714660605326,0.3827773743067837
4.661352,4.988643426299657,0.3272912687068832
2.2034829,2.042273076687367,0.16120978959986454
15.071357,14.708931471166224,0.36242530221024083
7.3330693,7.282682365759957,0.05038695873345134
19.10576,18.91318056281457,0.1925800115262497
52.506775,52.803590656435595,0.29681575409184546
0.12927186,0.004040583734043045,0.1252312811570092
12.42296,12.420486977657037,0.0024733037150337367
24.887135,24.88509447715554,0.002040074846412665
14.605565,14.699842506247881,0.09427743514192422
2.7254963,2.9580027648174556,0.2325064727031978
17.213156,17.21334727205061,0.00019152559064750108
21.088606,21.12135735377062,0.03275147303331494
46.332657,45.75133492884051,0.5813219315110558
10.913219,11.176007207724117,0.2627877558198204
14.965116,15.032273528011586,0.06715798083141067
3.0900564,2.9632569147634014,0.12679950460915723
10.464193,10.409258856680065,0.05493448743614593
7.1235228,7.651728282672154,0.5282055241882677
16.560787,16.70419125058168,0.14340404965394526
1.5362202,3.2090397158381854,1.6728195229289446
11.224764,10.837326862867297,0.3874370073719611
4.9471865,5.17274119958089,0.22555472954915157
30.633364,30.31002776593259,0.3233359578222945
21.551996,21.035038049986383,0.5169581810927184
26.50418,26.634989831800212,0.13080892359708685
8.519032,8.940403113777437,0.421371589119234
15.774145,15.800126764851246,0.02598163850847257
10.730456,10.719381003975894,0.011075348257993056
12.8237505,12.868714678536758,0.04496418262611357
61.170456,61.905240113652034,0.734784181034847
11.602285,11.650073706967731,0.04778832183589543
42.4896,42.483648161905684,0.005952973348222201
30.44349,30.488339697150515,0.0448506224434837
2.5216458,3.7055849272817123,1.1839391429036605
3.2859173,3.2641113247236078,0.021805957380884422
7.4853883,7.425623531282883,0.05976474767829831
1.7678746,2.396695717347094,0.6288211188439812
2.5820806,2.5516555727403705,0.030425029905503553
0.28368267,0.0,0.2836826741695404
36.83948,37.66911603248402,0.8296346787242541
15.031646,14.743843182840966,0.2878025920003431
45.40078,46.16139483285176,0.7606151087306685
13.061772,12.760668318924022,0.30110402757255983
39.452194,39.293958499932245,0.15823571393494262
27.06572,26.884757855698425,0.18096174879376292
25.645258,26.053609477547663,0.40835152771856187
13.619411,13.100439221241002,0.5189722472648572
39.615566,40.15382986296128,0.5382636092991717
31.431942,31.707296984920077,0.27535499883609305
0.023299351,0.0,0.02329935133457184
48.303837,47.93161150556526,0.3722253169445082
7.2123227,6.925316976254257,0.2870057356903235
9.153538,9.482035841537495,0.32849809129335483
15.735913,15.313485390551547,0.4224278861208166
31.238747,30.44840722600932,0.790339417057087
27.06817,26.25070226059139,0.8174682868939627
16.947151,17.00366147874311,0.056510294661077154
17.069958,17.35665869009875,0.2867009569444541
15.609828,15.551981133867598,0.05784686143269546
28.919111,29.160594753575538,0.24148350174448296
12.450272,12.411225695687772,0.03904591075754027
15.4791975,16.107870564821663,0.6286730626854329
3.46236,3.312066653092633,0.15029325215028688
0.9470003,1.1829584246261515,0.2359580999000468
12.096873,12.014078827290431,0.08279445609579916
3.504688,3.9085909629490603,0.40390293842818625
5.601676,6.884108330849282,1.2824323436056293
20.46776,20.823894614774666,0.35613452871509566
20.622759,20.351125478026198,0.27163338733024744
5.3033757,5.064166257597552,0.23920946338023086
40.245316,40.269757382130074,0.02444183037226111
0.30407873,0.0,0.30407872796058655
15.188498,15.351900239036988,0.16340269570202715
21.7044,21.83465640489916,0.13025729601244151
16.239017,16.329764855418862,0.09074736884659629
11.0763,10.92916362815604,0.1471360392023584
7.79493,7.803972378910011,0.009042397678321379
29.680174,30.153007111117386,0.4728332372160189
24.384127,24.79693862122863,0.4128119580206224
5.752633e-15,0.9768191510288828,0.9768191510288771
0.6100496,0.29012403032528405,0.3199255750442838
3.8445168,4.1068820201070535,0.2623652659566629
0.0027460905,0.0,0.0027460905257612467
27.868515,27.933412877845647,0.06489786319720992
20.948957,20.773387239920105,0.17557020331719997
26.066652,26.65624791580119,0.5895956178275554
24.579285,24.576703902787592,0.002580765181157574
13.355626,12.767511894348484,0.588114211913723
11.906961,11.6904539962004,0.2165074448396389
6.1220627,6.0126662205310755,0.10939646257439328
16.915096,16.802277656974706,0.1128186259842785
3.9389298,3.847357923085529,0.09157187313334303
25.17021,25.098375435430068,0.0718344492134868
4.2141695,3.920599841459187,0.29356966079911384
49.744183,49.439684515515935,0.3044980711539864
30.613276,29.723515898983134,0.8897596289709675
10.611858,10.396573766837266,0.21528460108265612
20.202143,19.807010108722704,0.39513260673139783
34.649986,34.56322858303047,0.08675768405937134
6.3750987,6.343618160312884,0.03148054497886399
22.3669,22.776781947038085,0.4098824566816397
27.187437,27.336286310304892,0.14884925280977512
14.220855,14.311254801943887,0.09040004272757862
18.063808,18.02057161179652,0.04323682936558981
22.315168,22.648410537182457,0.3332421564451522
24.935225,24.82888987302801,0.1063346600530437
0.35295185,1.008189218063312,0.6552373635959201
21.590866,22.653848463820296,1.0629823749531084
24.471607,24.569414596934873,0.09780738868292005
33.593044,34.499739983187986,0.9066957021821267
36.372395,36.79852072042361,0.4261261586560323
42.685116,42.46025274840082,0.22486306580816517
43.68468,43.41247230255405,0.2722086361666527
39.229214,39.58173858676084,0.35252487216123285
5.5785646,5.503215655404374,0.07534898845548899
0.5041391,1.8403439373942323,1.3362048120470948
15.355013,15.200997036983537,0.1540158566932206
28.124529,27.96480231929399,0.15972656559370435
22.9441,22.727495664821273,0.21660376144825833
26.039108,26.272712370071545,0.23360409370435775
0.8323674,0.8136021803132168,0.018765239883316354
13.738511,13.621573021586002,0.11693806392425188
17.679129,17.52336119295847,0.15576745389211766
0.4908976,0.15117659668684222,0.3397209991955735
19.61731,19.860623768811944,0.24331419849944425
8.63946,8.039271197482597,0.6001884125027548
17.260345,17.24496001598312,0.015385443001253662
29.240753,28.97953811821622,0.26121505561190617
3.4661002,3.525842395383282,0.0597421794714168
15.865271,15.649812994116594,0.21545762050742923
8.232473,8.13337051748653,0.09910285592655654
21.423939,21.870741988212444,0.44680323699174096
13.873247,13.590307578705584,0.2829395679008613
2.3325477,2.8001520399993494,0.4676043753570154
10.025191,10.128908778626911,0.10371747155904032
21.084871,21.048810603622247,0.03606068849201094
0.8215744,1.0855805483061722,0.26400615837163244
8.031172,8.030470951523467,0.0007008471825873386
1.2219439,1.995841938409573,0.7738980831239284
5.473049,5.422803113274156,0.05024605054420306
22.26749,22.563343039169553,0.295852652206662
16.630882,16.480255992786162,0.15062627039743148
11.141929,10.814267262118792,0.3276614106717357
13.525537,13.200652419433744,0.3248841177366657
39.39954,39.370977460101614,0.028562487408152037
22.950386,23.37943714285172,0.42905109548843967
0.1583575,0.34714243556180485,0.1887849345318366
17.368723,17.07098657551657,0.2977363401328432
8.229836,8.075022000298514,0.15481446362970885
42.275932,42.137507523000096,0.1384247890116228
14.6665745,14.551538480028457,0.11503599812095722
24.767462,24.41796013389874,0.3495016428346567
4.7630653,4.715539144765022,0.04752619336974373
9.575769,9.355001793342016,0.2207676310964608
0.013724413,0.0,0.013724412769079208
36.054054,36.034344920923886,0.019709339330020725
18.249588,18.645129491701354,0.39554147900604164
8.543474,9.439628585317307,0.8961543879296112
6.073783,6.031623098085756,0.0421598227516462
4.140046,5.184023096402509,1.0439769767125675
50.689785,50.31288689156878,0.376898112093329
10.116209,9.932072070981823,0.1841369591695443
7.449841,7.231647736202806,0.2181932862886491
3.818695,4.12705551402482,0.3083604456654454
0.00063270755,0.4275183479877046,0.4268856404342546
0.7941531,0.6646731280341133,0.12947996625757374
12.087065,11.53686175911513,0.5502029839268623
13.471444,13.474400935119457,0.002956805175609034
1.201043,1.0494249176551869,0.15161809210280874
11.655726,11.603156957837253,0.05256947496303965
11.266832,11.12507097681758,0.1417613748669897
6.8272295,6.824119555373566,0.0031099444433282386
17.70014,18.173545617571936,0.4734056181822872
28.361923,28.28252264728042,0.07940057049301785
22.620615,22.517291354627716,0.10332365086544826
11.592709,11.480621989642035,0.1120865980044492
25.592018,25.457873921075514,0.13414420636589242
7.1689897,7.629032469717019,0.46004281136130576
27.08662,27.36694840423881,0.2803280734282616
44.797367,44.809554271123794,0.012187175176528342
2.8686328,2.7669389518831107,0.101693841543403
21.171837,21.19608779244242,0.024250939415075834
15.027978,14.782199809726697,0.24577813369371349
0.7947368,1.0315125532169231,0.23677575063895073
28.632442,29.274240601699557,0.6417981273343223
34.190346,34.79338216236175,0.6030363982015956
37.349983,37.488370099770705,0.13838688443867397
48.07138,47.975103421587825,0.09627719364655007
67.56332,67.56121067999912,0.0021056652157227518
21.43698,21.348778885738806,0.08820040808443608
0.07319763,0.0,0.0731976330280304
27.594015,27.65669980247292,0.06268468101296065
18.094128,18.02917182565209,0.06495582937720812
27.926502,27.992070645918396,0.06556841813519299
9.667144,9.565121253165698,0.10202256855061087
20.599436,20.609127201222382,0.00969139494796778
10.985494,10.885289532848319,0.10020412712482596
6.9989276,7.1381191548211405,0.13919156158993928
4.525902,4.210005142917583,0.31589665151601043
42.31219,42.58700910919073,0.27481809966924686
8.282498,8.090983044117856,0.19151531556232015
0.42828986,0.12176364922181322,0.30652621126517104
12.634786,12.396085687589588,0.23869996457105636
0.867946,1.0085701380133314,0.14062410930391978
8.18058,8.299731359712023,0.119151220551867
24.203772,24.342154592287756,0.13838300110123214
21.152246,21.580921424411176,0.4286749491914499
66.07783,65.63185582685966,0.445971626753618
8.976412,8.722431074500308,0.2539807449576994
38.51683,38.776370343454104,0.2595398991181668
5.781225,5.859538536057023,0.07831333158924991
35.791866,35.87463319027037,0.08276688778013863
17.334454,17.33158584379152,0.002867738972152978
4.025611,4.230926364367517,0.20531544060042695
10.219087,11.119955409346508,0.9008687623128164
6.5890527,6.480815416988648,0.10823726016589319
16.025604,16.197583768618248,0.171979520571373
0.2845811,0.5109027261680283,0.22632163118778847
9.764075,9.319264483729299,0.444810795506541
76.9025,75.77931034648059,1.1231859914100397
15.639929,15.266756122293323,0.3731726954557004
17.740221,17.229996761868826,0.5102242616907446
5.2056327,5.497259079050513,0.29162639243552313
45.586964,45.8222256306765,0.23526197711204588
0.24133864,0.01659808677962358,0.2247405536718077
14.611155,14.608796043529841,0.0023585127445731047
40.569492,40.79630078749643,0.226808447408537
25.96949,25.91858911184276,0.05090093942677143
10.231372,10.607813230026332,0.37644135044869564
26.548962,26.46433388746808,0.08462775193621752
12.155215,12.059225240080568,0.09599002328613082
23.944672,23.184396150241366,0.7602754806180094
4.974579,5.638347686258091,0.6637688288362158
20.918547,21.149137014373043,0.23059033773730064
12.110032,11.924699421790521,0.1853326598134828
8.0874605,8.633623224200702,0.5461627063174017
49.406986,48.133612917010765,1.2733733195615002
0.06239216,0.0,0.062392160296440125
18.778948,18.973475308965266,0.19452747876507104
0.8004027,0.5034845141706548,0.29691818673037673
16.658459,16.728218821714602,0.0697601119978053
9.879644,9.706423873165377,0.17322052075552108
24.012606,23.991545280743676,0.02106038637058205
11.549744,11.383635614775125,0.16610803756862502
7.297788,7.176726014806891,0.12106212835106778
11.1936245,11.413517103229195,0.21989260676923372
12.349486,11.37636843411817,0.9731179168950135
27.922205,28.109687421216126,0.1874824499026495
17.088337,17.57441061030214,0.48607366572206345
19.096983,18.86154220880762,0.23544074712499707
31.568851,31.48663714704772,0.08221432389954586
32.85609,32.76651928341342,0.08957126224087375
39.808872,39.102779824574,0.7060923983263905
30.924023,31.254195774782914,0.33017310022236757
4.0645175,4.578875448432349,0.5143579504159916
2.010188,1.8383174736251242,0.17187062909704376
17.612862,17.850694250836163,0.23783261753538198
3.636313,3.793559329351474,0.15724636777310508
13.330154,13.911358282446672,0.5812038635013597
9.219002,9.139819067010336,0.07918270300919517
30.113697,30.12904803746565,0.015350985463697953
5.015077,5.031944766320034,0.01686765221480968
39.97199,40.743500156597925,0.7715114786194093
5.7926397,5.912304730732977,0.11966499837213718
22.00987,22.159786189232566,0.14991566005776136
9.074953,10.274823445310957,1.1998703660873247
5.1408453,5.301692222114981,0.16084692334789086
23.362057,23.424358270437036,0.062301538259301736
4.274227,4.104142925945956,0.1700842163880285
1.0138348,1.2384196728397512,0.22458483874093527
6.657422,6.661512833678375,0.004090767943512041
2.9053023,3.9657400116336223,1.060437725485551
0.98392105,1.0515570767757538,0.0676360257503632
0.8352167,0.9479576170079156,0.11274091597718439
28.985302,29.174537475638335,0.189235504202788
30.244926,30.586314512490315,0.3413880598535961
2.557975,2.9173809143029947,0.3594058605157633
18.37131,18.721395130654837,0.3500858502593296
18.247875,17.668946886128488,0.5789283274945589
30.38392,30.92368442643831,0.5397637568826461
26.070026,26.08441368729517,0.014387289590093388
19.992323,19.924487072455474,0.06783584929745601
17.871159,18.088519621977262,0.21736102212374675
56.930748,58.5108761068068,1.580128120966954
12.013523,11.330769446576767,0.6827536552298739
34.974335,34.75799227996012,0.21634243683675436
27.28565,27.134144973350324,0.1515052799455745
6.1524997,6.2362668767286635,0.08376720097793111
9.379751,9.228030230803421,0.15172097464091472
12.680843,12.72260130053369,0.041757947262205164
17.235395,17.48131908634335,0.2459236548247965
19.951092,19.474884518762767,0.4762072475946546
5.9262557,6.512587782089839,0.5863320791174269
28.040392,28.212891686291204,0.17249976429413394
41.660564,42.0109866118065,0.3504221891990795
3.5704799,3.5679450562350348,0.0025348136074945238
1.782334,2.5124381670198708,0.7301041969499855
24.38805,24.52971287344346,0.1416627940977584
17.031883,16.99009225028688,0.04179098945921211
20.369556,19.806848772076883,0.5627076549250702
10.468745,10.18253467403093,0.2862105575974887
8.819896,8.657697463399122,0.16219828092460808
2.7560875,2.925244917007436,0.16915737542723575
46.041035,46.76866359954446,0.7276289010581323
16.887844,17.154625927004247,0.26678184131088756
36.868565,36.92124175282839,0.05267714711549587
3.0571344,3.324851210713976,0.2677168208366565
22.520557,22.988547173800562,0.4679897702361089
5.0072536,4.7578614386747,0.2493922081758857
12.955325,12.9709433192246,0.015618192576651424
29.358507,29.37518318988341,0.016676033511338062
12.783646,12.661954514279849,0.12169111560296386
31.831293,31.90788101939054,0.07658791331143888
8.609663,8.542891624888602,0.06677138475495248
6.602456,6.985711104238092,0.3832550114036195
8.312443,8.345987123504486,0.03354434396347017
20.647842,20.92478038010613,0.2769379728795691
50.1988,50.560423986490584,0.3616248531898023
16.329622,14.706058976914234,1.6235632917625242
1.4340589,1.7157993091375328,0.2817404044897056
1.5813164,1.7703599408554607,0.1890435889648967
0.042695217,0.09659954776940052,0.05390433093485539
7.839084,8.284370103665006,0.44528595525802395
56.531937,56.91505822293806,0.383121577430245
36.22622,36.786055553850495,0.5598363766044017
2.7466924,3.863893790691937,1.1172013716398128
5.000875,4.789201129541338,0.21167386664396481
20.83084,20.88268494418518,0.05184578708068699
0.74026287,1.7069960360598229,0.9667331700396202
15.452438,15.373625687165985,0.0788126673262024
1.1514657,4.2016411882252385,3.0501755338520695
16.546515,16.508866305385286,0.03764820572311223
19.916412,20.29940388981917,0.3829915363035461
21.518942,21.592343621764044,0.07340174249158338
16.15695,15.345813328441368,0.8111366685068742
42.616577,42.67007027567413,0.05349312723662791
3.889708,5.983231434191685,2.09352339204691
16.093243,15.77786310065861,0.31537954460506157
3.9611564e-07,0.0,3.961156380682951e-07
11.304026,11.285920128903285,0.01810552112112873
25.506773,25.748560885150443,0.24178789015532587
25.535845,25.702335303298813,0.16649050044236802
41.41367,41.829987865248185,0.4163182790665445
22.030031,21.859118624126683,0.17091258009694954
48.52726,50.85045701684464,2.3231971901844872
24.265074,24.30588099138862,0.04080721514350216
3.25727,3.4265437892698216,0.16927369153727767
0.7730776,0.6205956416387653,0.15248196551608084
32.119816,31.79528898527959,0.32452684113642505
9.417291,9.277929714631554,0.1393609729294809
8.134824,8.480131666338774,0.3453078672054737
12.788115,13.70705935356039,0.9189448058308987
9.416704,9.200830638192095,0.21587353966435074
1.7785957,2.2355874068906414,0.4569917209317791
43.102856,42.64522587305393,0.45762980931911557
0.542358,0.6159015836136021,0.07354360240861557
14.458534,14.632116517642956,0.1735822769202997
29.63053,30.376477985210958,0.7459485815244342
39.105007,40.5194303009828,1.4144231293519383
3.9392645,4.00116520112615,0.06190066522221915
0.16023724,0.0,0.16023723781108856
17.753347,17.650934848272115,0.10241254857847082
4.988631,5.2918329465874,0.303202174950437
59.374634,59.53158768733262,0.15695389827011752
74.40061,73.44684754444928,0.9537643329921224
1.3769612,1.5938872151814354,0.21692598394974594
17.93649,17.99673303158928,0.06024392636467013
29.798721,29.87305378428853,0.07433247081196726
11.747465,11.344950954243968,0.40251417942302403
20.144796,20.022682674545294,0.122113696914667
13.411878,13.541497071734462,0.12961943959334832
8.528384,8.51113647530564,0.01724773337355856
9.371295,9.508923579630213,0.13762860434945168
8.920176,9.273878103975612,0.3537025516074479
50.036335,49.8307337233954,0.20560126805968082
23.60685,23.50916290670631,0.09768676370384455
12.827609,12.810977615398679,0.016631446796145255
1.8095312e-08,0.14922923672723692,0.149229218631925
23.140116,23.136936731861255,0.0031790060537844056
4.8148794,6.86720244872262,2.052323031303186
28.041683,28.107219328561087,0.06553613153960214
0.029970737,0.0,0.029970737174153328
9.765787,9.668503620282852,0.09728350435093702
3.2434144,3.3467909203034316,0.10337651829537498
19.98147,20.109738617151297,0.12826850911907073
22.191992,22.145397099405454,0.04659470662481979
19.833073,19.74143835546904,0.09163430688447605
22.613773,22.719359824674267,0.10558647872700178
13.691982,13.873963197544844,0.18198092825773493
11.096896,11.44213961219329,0.34524344062346657
27.32432,27.260788932771923,0.06353090670561556
0.5310848,1.0906633018792284,0.5595785259545458
13.771182,13.789881426274787,0.018699366033088083
14.6794815,14.412012994099493,0.26746851224816304
2.1253965,2.1873093900749283,0.06191289997788241
0.64149195,0.10757009572600383,0.5339218538322542
1.696766,1.8784852019927518,0.18171918312525914
2.848683e-10,0.0,2.8486829561913396e-10
0.822236,0.6598322093500468,0.1624037921414998
3.82235,3.7923451713384035,0.03000485383859841
0.38604966,2.2847965683706124,1.8987469103105385
0.33950326,0.004330633066744586,0.335172625399976
21.739681,21.921231973257214,0.1815507293607297
0.546839,0.778773751811389,0.2319347530168333
34.053055,35.36488518392335,1.3118303743530362
1.1224408,1.6230282285866977,0.5005874136147739
1.3353306e-07,0.018026043953172182,0.018025910420108465
0.17293721,0.49336004721321497,0.32042283283867273
0.17947115,0.0,0.17947115004062653
21.467117,21.646885175904753,0.17976786633444064
1.8800846,2.3825467917424885,0.502462157915279
2.0645413,2.640267055785826,0.5757257159115583
32.984608,33.648063014010035,0.6634553174768314
36.325047,37.01721548092505,0.6921689416184122
18.832645,18.755939699609545,0.07670571665022052
7.178467,7.320420252668331,0.14195345579333107
14.130123,14.319694209427801,0.1895710710000671
21.951727,22.1615390275091,0.20981211405695177
9.897185,9.651201044047275,0.24598428157528396
0.009881604,0.0,0.009881604462862015
16.58651,16.502506330495397,0.08400337409444703
19.509026,19.664197445238422,0.15517187150795309
44.795464,44.64074954918643,0.15471401282528774
30.834011,31.1291138309024,0.295102753021542
32.293552,32.234770664004415,0.05878173467722547
25.713083,26.032343343150266,0.3192600759383524
11.643041,11.445582959080893,0.19745769796256418
6.3077083,6.121957797332717,0.18575046606449952
2.3373282,2.807473482743075,0.47014528717117576
17.214563,17.16504816442896,0.0495152053220167
39.28259,39.12820901778284,0.15437994095739782
36.83461,37.21972241759628,0.3851124322447177
11.751019,12.001682748524681,0.2506642243547592
21.09187,20.627064166156696,0.46480518809135063
42.29155,42.4795563119242,0.1880066293070115
26.292446,26.365071675674027,0.07262553919941794
12.246189,12.253188368246812,0.00699925081517172
12.720465,12.3505569424051,0.3699077640157977
19.57229,19.597127383918995,0.024836963386768218
13.995614,13.239534085701463,0.7560799661173849
21.243095,21.011469285963205,0.23162611198601368
22.230408,22.11753942307445,0.11286829176929913
17.028214,16.91021941334241,0.11799408763415187
7.357289,7.939434396603594,0.5821455591707325
19.888226,19.242138801284053,0.6460867541358688
33.65274,33.6619612093684,0.00922073085277475
14.188744,14.122768743071633,0.06597484823696043
30.33928,29.790726464282198,0.5485527105224897
26.428608,26.203935465340926,0.2246724753329019
0.018495731,0.0,0.018495731055736542
9.1922,9.176917133867079,0.015282573164171254
12.763251,12.8213077250753,0.05805642044883541
0.0018929554,0.0,0.0018929553916677833
28.085808,27.72967886162327,0.3561289386696984
2.155158,2.8845374548234037,0.7293794119156889
31.014677,30.716746897371163,0.29793015035832937
19.419996,19.676921633310602,0.2569253717139226
16.913652,16.78417150802487,0.1294809120190763
19.751078,20.203402355937296,0.4523247039597571
0.17484276,0.007048735202829776,0.1677940247640205
0.5905143,1.0730159673730675,0.48250166511934434
0.026744965,0.0,0.026744965463876724
13.707929,13.525050758056103,0.18287789947563482
0.32299092,0.9550008221606693,0.6320098980407199
0.004083938,0.6018538401044151,0.5977699021390817
3.858266,5.08222775824227,1.2239616430536717
7.332955,7.2865407342399475,0.04641414933549193
17.179794,16.374026003480022,0.8057683080434153
27.26641,27.497794525380293,0.23138369774357415
28.277996,28.462701083644045,0.18470502041162362
13.624995,14.053014291891989,0.42801906026357095
0.00045408038,0.0,0.00045408037840388715
23.097366,22.464381324304878,0.632985008702935
10.9774065,10.767063394263596,0.21034310750642327
5.6215224,5.7797258611709275,0.15820343456570285
30.899403,30.19111018338122,0.7082924350269835
41.359436,41.219937031541555,0.13949900361469503
15.889871,15.770751962950875,0.11911868066484743
4.993649,4.907416698132809,0.08623230775708368
1.4708354,1.65473680067613,0.18390135336472868
4.814952,5.150418351303051,0.33546645463557034
13.84279,13.844008609646313,0.001218959682933729
28.336977,28.209183582519554,0.127793422485329
46.855255,46.24604115450299,0.6092139724501351
32.819794,33.59342526821726,0.7736315670453848
19.68496,19.737357212324632,0.05239780070353817
16.293556,16.672714781256182,0.3791585678772762
21.997019,22.160558444248874,0.16353963016196005
25.315865,25.181031655115067,0.13483290787321422
3.2970885e-08,0.5882379678784014,0.5882379349075167
47.964607,48.70884390661172,0.7442366678421877
36.855297,37.066012025783905,0.21071493716085854
6.2646813,6.583356092690814,0.3186747534268983
13.894128,13.92569074344571,0.03156289768154963
66.235535,66.12593782695481,0.10959684101393918
10.614133,10.55564228785014,0.05849059331440998
28.95004,28.92827096511997,0.021769852140771206
16.620853,16.53126001811055,0.08959340596171472
30.079006,30.884838996222715,0.8058328011543558
46.969143,46.90490247730898,0.0642404365093796
21.507149,21.54242994625778,0.03528120358199871
5.250334,4.955364343860672,0.29496944215007037
13.280466,13.11300991864935,0.16745616106256378
20.246479,19.832966437616985,0.41351259680684294
40.12172,40.11290462324682,0.008814737104742676
37.97785,38.394600138814646,0.41674827113886437
35.88871,36.292588121848354,0.40387809987569767
5.861335,5.765284016317311,0.09605078440290349
0.22556348,0.00685330646962721,0.21871017498045367
28.541185,28.840337931140567,0.2991525521122469
15.963713,15.924198516905522,0.039514175355220615
28.853428,28.782325938345764,0.07110194861712671
8.901004,9.541593417658335,0.640589580072886
22.000443,21.90966915508465,0.09077334979816243
16.417053,16.07473366651784,0.3423195561384098
4.60249e-06,0.0,4.602490207616938e-06
3.6526157e-28,0.0,3.652615695272807e-28
37.908783,37.31187100586646,0.5969119531179174
1.0296763,1.141961137800023,0.11228481963138282
0.21505557,0.06473604447544745,0.1503195255309231
26.955805,27.19468307198858,0.23887824715948014
15.144191,14.568576921630392,0.5756138666386512
3.5723097,4.784630876661575,1.2123211442244415
31.547947,31.737729519572074,0.18978258964043349
10.874799,11.82682479385785,0.9520260191386125
44.931713,45.461950879309455,0.5302377750614085
44.78363,44.77022970343383,0.01340066765992276
32.180008,32.80528927726466,0.6252813426943504
12.548866,12.686761605050075,0.1378953330774184
32.647766,33.16048778257234,0.5127216692910892
1.17186,1.2284134208523674,0.056553441222850775
59.840992,59.08019786648462,0.7607941073923357
0.2441092,0.23411948944987523,0.009989709001166941
10.921324,10.48028855425185,0.4410352219932676
4.304283,4.825970502293399,0.521687360203555
14.311384,14.43946970602377,0.12808550497396531
9.259825,9.729999910462741,0.47017515765512385
34.847412,36.0186255573734,1.1712134479983973
9.469983,9.25699876553802,0.21298433535309336
26.559212,27.01000915377952,0.4507974228224896
0.46093038,0.20420661265612078,0.25672376458882856
10.55064,9.96918238949953,0.5814577167016424
7.787939,7.578277967530545,0.20966110412472805
17.030348,16.96573977922369,0.06460804487299043
12.261263,12.301028483901938,0.03976559022517989
2.6598556,2.6740088963070265,0.01415329213527361
7.021551,7.791745319240122,0.7701941870379736
0.6064966,0.8052901287312165,0.1987935562367097
4.137679,4.122803052550826,0.014876047485794963
0.9531178,1.6344660779956701,0.6813482901576879
42.50665,43.18420860921924,0.6775595918852559
37.355274,37.7551569620604,0.39988276162094394
7.227741,6.893040117539637,0.3347006470782832
23.499063,24.304977818747652,0.8059143269263629
16.949877,17.003623207201933,0.053746421923612786
2.5362668,2.6789310140031097,0.14266421026165466
8.111735,7.8633748792378295,0.24836046469527595
5.674816,6.690620927847834,1.0158047962560373
2.5146441,2.315628859218146,0.19901528674742996
24.90806,25.319644243807165,0.4115841699546259
8.187767,8.273501400374682,0.08573437156608854
0.00590628,0.0,0.005906280130147934
1.2236899,1.5283752358565046,0.30468532210680976
0.00014516174,0.0,0.0001451617426937446
0.027901085,0.0,0.02790108509361744
4.6775007,5.424182118569266,0.7466813937767851
16.19365,16.021480125636817,0.1721691663553706
14.512929,14.7319983509314,0.21906938822388078
23.691298,22.803760996163923,0.8875365349640063
14.073306,14.018060322702254,0.05524576097694478
18.960022,19.28757702104643,0.327555048390181
0.4925988,0.5373145421604539,0.04471574030918135
23.252886,23.591144905623427,0.3382590871419815
31.181095,31.23748254407917,0.056387420788155396
15.55653,15.834916463138734,0.27838646435943737
37.351322,37.621579866345925,0.2702576922736597
34.717487,34.61186096731734,0.10562636788773716
31.86609,31.79133492389705,0.07475585063908241
13.184343,12.7935612842409,0.39078205377179565
18.654573,19.207465118718165,0.5528916781664073
0.00039546107,0.0,0.0003954610729124397
17.695917,17.876750434477938,0.18083330496133598
6.874068,6.926974839077588,0.05290705572187537
33.294907,33.72591150635916,0.4310048901482233
2.1707416,2.3801857828390545,0.2094442247641033
0.002370769,0.0,0.0023707689251750708
14.188807,14.185051726874068,0.0037548069394084393
19.21295,19.429072243859604,0.216122491051987
21.276186,21.57904868552181,0.3028626961419256
12.306424,12.612585352424823,0.30616121149464703
1.5108701,1.2926097777151502,0.2182603213525378
0.0011671092,0.0,0.0011671092361211777
6.0039897,7.468243525964004,1.4642538294613185
7.530547,7.267024464710484,0.263522677318325
3.9003556,4.6469971612534655,0.7466415837845934
9.24634,9.266604666060228,0.020264868086595555
8.295235,8.482972946134067,0.18773826595828602
57.711212,57.714135914608924,0.002923756405799338
21.656199,21.514932802400466,0.14126569918644805
2.4111416,3.2860260680416977,0.874884434054271
15.689712,16.0822086872554,0.3924971165156528
3.4669044,3.5799712316650685,0.11306682988589367
4.279335,4.428314885436253,0.14897986346359637
6.553412,6.843559175098451,0.2901472144966446
26.025156,26.117092374698775,0.09193635358061059
12.326674,11.984279456160476,0.3423950052042706
2.7107797,2.9451750499653055,0.23439538306467078
30.336134,30.21285794280448,0.12327601410470024
0.057341035,0.0,0.05734103545546532
30.852598,30.926597034106138,0.0739988437985204
5.027181,5.600381673268463,0.5732005247394101
40.698685,40.624830604505156,0.07385408787765613
66.04258,64.80065232480895,1.2419273260699555
1.1677011,2.5357880871880525,1.368086962043094
15.999514,15.895814797467928,0.10369882863070501
10.546377,10.468711708051995,0.07766547395484125
0.18637824,0.03480192115143544,0.15157631943389172
4.6957726,4.742495898285089,0.04672325042742287
14.108807,14.04567309154487,0.06313351856255167
3.836732,3.869884750934848,0.033152840229281555
10.685288,10.408682073063751,0.27660635619650265
37.928223,38.10090143922184,0.17267878297184325
3.89108e-07,0.0,3.891080098128441e-07
0.2971583,0.19381151374222086,0.10334678713439657
7.253376,7.103196079824421,0.15017992725565676
7.631272,7.772007685269142,0.1407358461272965
8.80927,8.617315672689816,0.19195423240051568
1.7318933,2.464612831724085,0.7327195307139531
6.541842,7.663159777844336,1.1213177940491699
21.799208,21.86698387714319,0.06777618976526156
28.686838,29.12584009317149,0.4390019431470762
24.690138,25.07173959744935,0.38160173429017163
4.476669,4.426860017526547,0.0498088171597324
28.126282,28.17445791044469,0.04817617216344061
64.46038,63.98210452212983,0.4782760320693882
14.478688,13.672726164693895,0.8059620753573746
3.1510243,3.4672030173376824,0.3161786757544305
15.5961075,15.398284185974337,0.19782329693581957
55.707626,56.182197847934845,0.474571505161407
13.115457,12.938180760702181,0.1772758204135414
5.037311,4.8306902969979815,0.20662078011993845
28.21656,28.259673212318194,0.04311284854866315
34.943634,35.663725056716494,0.7200910235133691
3.50372,3.5946264887479673,0.09090644365824563
17.907255,16.79470903707402,1.112546135655471
42.62366,42.866811650118365,0.24315060885859907
23.735317,23.749815108999158,0.014497878774548667
27.67924,27.808093282250212,0.12885400917892298
0.3375213,1.0560304016869637,0.718509087065992
52.833797,52.601258184782225,0.23253927005175967
2.6364165e-05,0.0,2.6364165023551323e-05
2.9776626,4.159950219535013,1.182287656211038
22.38997,22.752505361330467,0.36253458191152177
0.19761814,0.8127976763820534,0.6151795346116905
0.011001815,0.609662648043792,0.5986608329556987
21.148975,21.147013657076062,0.0019617152383908376
35.504765,35.33941218307855,0.16535237380621481
28.074074,28.206360821299345,0.13228702979543883
1.037106,0.9264559492741615,0.11065008786573105
14.991932,14.874029381121685,0.11790253416151764
8.44233,9.006047215012984,0.5637168546003863
0.00019102878,0.018347424588810772,0.01815639580594574
5.672441,5.748831039378398,0.07639003367161123
15.099214,14.556153456979521,0.5430601431791704
22.60236,22.800512458566917,0.1981526868384016
2.4576232,2.8180841011023685,0.36046085777045933
25.24354,24.962626614836573,0.2809131953440911
65.6992,65.15670074292697,0.5425027482839653
2.0092044,2.1767356517337686,0.16753126406897367
22.990538,23.06148564313768,0.07094799970506216
22.409357,21.733180054092518,0.6761770168303336
33.596497,33.73952166137243,0.1430250793411787
0.14900544,0.0,0.1490054428577423
5.320906,5.562705361346174,0.24179919908421077
46.004852,46.2771248637996,0.27227256887772455
39.874702,40.169465488937504,0.2947630353242232
24.243748,24.455875192774737,0.2121274815930967
34.415237,34.31656401362251,0.09867341313530176
18.562855,19.21235491459109,0.6495001477453854
44.592484,44.77211277416207,0.1796292536542552
2.8475292,2.7127440073735234,0.13478516552381548
17.763176,18.067651139285932,0.30447517493046306
26.887745,27.399832701552604,0.5120877979881513
25.59416,25.91707627203281,0.3229161920767538
23.53661,23.49651045593685,0.04009919372135329
23.95415,24.441917971385383,0.4877687251695626
24.054296,23.925556981658534,0.12873951187173915
13.527717,13.361546879323132,0.1661697573345826
48.963947,49.70748082524961,0.7435335291070331
19.088984,18.688959567869283,0.40002396789731876
15.625303,16.186618006814143,0.561314738381526
8.559343,9.529001672255514,0.9696583342428191
15.3778,15.72104724984351,0.3432472620505411
13.77582,13.792002554453365,0.01618277601098228
1.6555996,1.57252414103942,0.08307545307679098
15.764224,15.674688720858532,0.08953533157066751
25.064133,23.975876768604277,1.0882559218254109
15.03646,15.255491186297354,0.21903126350682633
5.3424215,4.960314441275978,0.3821070904012682
3.662505,3.9822161392351956,0.3197112278124661
11.94285,11.755143147663484,0.1877069652515555
0.0007265509,0.0,0.0007265508756972849
29.124647,28.89226060764361,0.23238653285931932
5.9477863,5.92461465158189,0.02317167959486799
15.727225,15.184796108104976,0.5424291955449263
14.3101845,14.512938139563843,0.20275366080407764
27.197842,26.878709383742798,0.3191322605443112
4.4036064,4.408585684094159,0.004979269299236755
17.100412,17.2458229123645,0.14541054359008498
2.5211532,2.73897472581051,0.21782151421688223
23.27135,23.145233836178353,0.12611702441735062
3.4396284,3.3334489850157842,0.10617937763985541
25.795048,26.098000244380287,0.3029524843705218
17.071594,17.14184007823493,0.07024583995368161
10.060145,10.19607652210178,0.1359311439889872
18.965511,18.62805258531789,0.3374587367035957
38.751568,38.39342602606482,0.35814181451134885
28.958122,28.99437865068697,0.03625639726899976
6.7640667,6.614831803788945,0.14923489237804688
4.4902043,4.196600400006505,0.29360393425252784
0.812927,1.3210940160051212,0.5081670083299503
31.932714,31.990404387783734,0.057689925503460415
21.85633,20.9456127589511,0.9107181126309314
36.022427,35.83391121344325,0.18851539178135823
0.12608024,1.8983994824641086,1.7723192376845218
2.6300504,2.6615177659953764,0.031467345234267974
7.3672357,7.2229408278008504,0.14429483275212807
44.960655,45.02564602565814,0.06499081325579681
36.29406,36.54213517659866,0.2480754231806941
1.3534387,1.2835738776878314,0.06986485732040837
10.899285,10.832550318717866,0.06673499774941938
39.62373,42.45030648460357,2.826576778793026
28.551094,28.939942149057934,0.388848093882153
2.0546582,2.8310511245247176,0.7763929500099471
25.53189,25.34189985737486,0.18999101176576616
23.340677,23.750966370487447,0.4102891091349079
18.39272,18.85018846320699,0.45746919440816214
31.354017,31.24924988547084,0.10476737221959098
23.624687,22.338258764954055,1.2864284298701634
36.68277,37.12039487212844,0.43762509673781835
28.531233,28.297707454545023,0.2335253793172818
18.911564,19.609144834811268,0.6975809615202522
48.582867,48.12798606206859,0.4548806066325852
0.00597099,0.0,0.005970989819616079
47.11,46.432227072730655,0.677773537620908
15.400763,15.378771279487733,0.02199127849566551
2.4196284,2.461831008061828,0.04220262633270222
26.811306,27.877549930039976,1.0662439302841165
5.4026217,5.266656632871383,0.13596511319184934
18.727182,18.634387048180695,0.09279534012496882
29.080484,29.000048335047477,0.0804360552113117
0.0054993955,0.0,0.005499395541846752
13.015183,13.092089224930387,0.07690577613888294
0.8075681,0.8138855479678513,0.006317474695146208
19.877472,20.177079877178365,0.2996079533502396
32.90767,34.44933690581268,1.5416678384298663
4.694032,4.756582939957857,0.06255074772763258
4.908204,4.5580768970580685,0.3501271816162479
19.417233,19.43604337118945,0.018810857761714317
44.387787,44.16572278523796,0.22206407999641442
15.546508,15.484691785925882,0.06181604946230124
49.12004,53.428711107401476,4.3086702138467885
35.204987,35.531403514467726,0.32641694220210127
6.232942,6.122410761118059,0.1105313432215409
26.338251,26.04270156649988,0.29554954739172246
26.123709,26.803385366924427,0.6796766419488414
22.247368,21.683081447757736,0.5642864111289825
7.2849307,7.896714120681336,0.6117834146571663
48.18634,47.93866490327142,0.24767542875982684
22.020916,22.09175289125473,0.07083690614730642
18.742565,18.748524812677555,0.005959657648258343
25.107075,25.305498746631883,0.19842400908305535
2.476015,3.069072963973685,0.5930578730313023
13.465713,13.37876931781549,0.08694322948675648
43.93979,43.67728683878394,0.26250197957543264
16.76763,16.639926463450152,0.1277031599629339
46.6758,46.73538388610174,0.059583562615408425
0.00018113235,0.0,0.00018113234546035528
16.179325,16.213759954125337,0.034434850365570924
29.55524,28.5881363229859,0.9671043081176158
22.781609,22.625658633340258,0.1559499482027107
25.16054,25.026096905957907,0.1344427211172885
1.0798041e-11,0.0,1.0798041280568604e-11
0.0057046544,0.0,0.0057046543806791306
17.094353,17.775535419357382,0.6811826971894135
10.350369,10.19180430532873,0.15856514810144517
40.07375,40.51180101589225,0.4380514736559249
19.667969,20.398863340779425,0.7308945907794246
20.385166,20.591002295338622,0.20583612712573185
33.31704,33.57761882848438,0.26057933873828887
18.248058,19.37169333275047,1.1236350136586744
19.120764,18.953943808898703,0.1668199697878201
28.276825,28.572179999716525,0.2953550485446499
27.854815,27.56235535676257,0.29245917265637544
2.6809566,2.6440794709096815,0.03687713118687608
15.828744,15.985817687414315,0.1570737527829671
0.009878714,0.0,0.009878713637590408
34.424595,34.7041820906167,0.27958721146630694
0.30734494,0.05575689999793045,0.25158804328705797
0.3431852,0.20202287537324679,0.1411623110128616
0.1355819,0.3670878696338005,0.23150597392476274
0.0028328535,0.0,0.0028328534681349993
21.236204,21.487882389821657,0.25167824248278947
0.11704664,0.0,0.11704663932323456
6.586344,7.90279792271757,1.3164541574587814
8.255408,7.899518563844937,0.3558897232034033
14.791119,14.803849055154291,0.012730433328119517
0.8066872,0.6097585510282535,0.1969286251993161
24.23666,23.962996205247688,0.2736637984144217
25.591106,25.968094051759596,0.3769876369646745
4.757004,4.92847287381811,0.1714690896384221
0.0063563557,0.0,0.006356355734169483
12.273928,12.266864352903657,0.007063335694976303
25.826956,26.14147911097365,0.31452331568556247
15.010965,14.855132292618793,0.15583305467124653
2.9974513,3.016899267285013,0.01944796189560849
19.830505,19.417597040981626,0.41290833011212413
20.375053,20.697066321035074,0.32201291527335485
24.810387,24.98090366208144,0.170517004366598
2.7768247,2.8270993380901825,0.05027462533688665
3.487036,4.074199064367291,0.5871630746059386
7.3554993,8.038940026020777,0.6834407584426518
13.633337,13.909735187869522,0.2763981669954987
0.0004155354,0.0,0.0004155354108661413
7.911331,7.690285684834772,0.22104549192304024
50.913956,50.97953462594631,0.06557893746974486
19.99722,19.787513142439863,0.20970594325349623
12.990704,13.471048078430606,0.4803444956669338
7.7665033,7.886749322042501,0.12024598799709096
37.718815,37.783423139329315,0.06460828947579955
3.133796,3.4955788948941526,0.3617829182553587
6.1244545,8.673070153584735,2.5486156552937196
28.925905,28.668742143947735,0.25716308371339736
0.38231543,0.32320453972003205,0.05911088734486358
2.1891117,2.196544770322949,0.007433060728222252
36.213127,36.904813223628814,0.6916860873983453
13.847672,13.918375470232466,0.07070300776908667
28.56841,28.561732748516143,0.006678124896943416
18.59139,18.490330733529234,0.10105987621197698
24.472912,24.447619051183967,0.025292783532830043
7.936617,7.975583337325659,0.03896643974265146
17.683207,17.57357412731721,0.10963243091032737
16.008806,16.336044594563216,0.32723836592552047
10.137987,10.082670871286686,0.0553162655541346
19.651506,20.052855862998932,0.40134943904873666
6.496234,6.289082190095753,0.20715175002875874
17.63922,17.357550779511286,0.28166850454633163
50.432148,50.17552684818233,0.2566211315539988
39.857857,39.86980377605081,0.011947025562527358
7.35377,7.6874763124939705,0.3337065332886482
18.715427,18.74034880979756,0.024921411115919057
12.036254,12.685958098016586,0.6497041688784027
6.3985543,7.202743075217327,0.8041887501135676
5.321888,5.97998428556835,0.6580963155976471
38.609127,38.55021876767896,0.058908276998771214
22.175444,21.958033559098375,0.21741009019361712
38.557293,39.33263603193105,0.7753430936986305
41.492886,41.618719655868944,0.12583406626933424
23.974316,24.72411658074149,0.749800937430944
26.015226,26.526046005198573,0.510819641062831
3.450556,3.809932131866663,0.35937609205648213
7.8439264,7.777930107013682,0.06599632273485323
1.6364352,1.8173851540690247,0.18095000296886599
43.777832,43.94824588354768,0.1704138522976777
17.071266,17.61012104507432,0.5388548707579126
25.908281,25.814246612745695,0.09403471354825044
14.829556,14.866463427251004,0.03690696210207811
31.93072,31.84596915790706,0.0847502177032915
20.906815,21.226343166257767,0.3195285910624541
19.429253,19.624994840178857,0.19574221566713845
1.0741327,0.8830795265611575,0.19105315433178682
18.183052,18.380568625657975,0.1975165626696942
2.0768433,2.0161232143410612,0.06072004737768877
21.17398,21.03399205001333,0.13998866287729328
7.5695868,7.682453615424422,0.11286686157920744
20.341171,20.376857953608383,0.0356866889599452
31.307148,31.15108658792335,0.15606139181297962
7.6288943,7.425240860542879,0.20365346852816568
0.21652716,0.0,0.21652716398239136
18.72084,18.76469370567424,0.04385325157267772
12.54917,12.135869940315935,0.4132996000893385
14.250781,14.094849739719043,0.1559313195460934
21.885614,22.553381421558015,0.6677670264164135
15.152213,15.04558947668792,0.10662361993073155
24.341543,21.91172528438519,2.4298179132466444
0.31442922,0.9462613910475649,0.6318321675101198
3.7913504,3.6761779092945335,0.11517245539052512
33.580494,33.69838916828685,0.11789524128489859
27.537844,28.01244943173841,0.4746057275147777
25.382698,25.711782314056457,0.3290842549744255
15.762698,15.516685455074237,0.24601271844871242
2.4658468e-06,0.20351548129676889,0.2035130154499497
0.16746429,0.0,0.16746428608894348
13.390924,12.896651108474178,0.49427334526117406
10.498358,10.386599767410493,0.11175800541665559
5.101664,6.4104967696414,1.3088327033267024
0.19666591,0.5628260207065388,0.36616010783994635
0.5938834,0.644131083863126,0.050247688668118684
34.384666,34.4575076407949,0.0728411979238075
40.45928,40.308135098517006,0.15114300817244697
11.861878,12.455971979904044,0.5940935848234776
10.950133,10.968310561601523,0.018177237932089696
3.634839,3.6052937755918864,0.02954528233047693
14.139262,14.218516655472891,0.07925445607103576
15.019197,15.1166880861671,0.09749062217784221
0.79921466,0.8597050818777553,0.06049042075638689
6.9109854e-05,0.08895714270131819,0.08888803284737903
9.374611,9.628927488311419,0.2543165874325126
27.112051,27.745660775181776,0.6336097650499397
29.42082,29.27467521876877,0.14614501743728425
27.287888,27.354723911489813,0.0668363382476258
13.450409,13.757203018862931,0.3067940833160563
21.037773,21.157868431254567,0.1200952989303481
9.863719,9.65504111828007,0.20867786823115964
0.4411097,1.4358120694524321,0.9947023823625121
1.7637777,1.5658148417692506,0.19796289107987053
0.00013947576,0.6356141335277917,0.6354746577713505
0.3530321,0.08788108096411258,0.26515103115746946
2.9705694,2.7831695627677826,0.18739980940934142
1.0041124,1.187344870983404,0.18323250812177072
0.6759127,0.32810357170790555,0.3478091065338242
54.70046,54.302948021620274,0.3975105049910539
12.73627,12.867855506992637,0.13158555612593759
28.758419,29.095737807542502,0.33731877067726757
13.437865,13.40427794567084,0.03358731159234374
14.740849,14.90846876654865,0.16762022528888387
25.814005,25.673195157211627,0.14080974085966247
2.0820093,2.2880430696325353,0.20603375414181269
2.2419906,2.2744514189091825,0.032460852655520345
11.140401,10.896828837265044,0.2435720492706004
1.653378,1.9452119775858319,0.2918339677896893
8.972598,8.855350571067692,0.11724750479900692
3.943708,3.5858511956431998,0.3578567473194467
0.23995118,0.5276438594404905,0.2876926810089796
19.045532,18.835411488454184,0.21012073810831566
15.956637,16.15743377571168,0.2007963932043566
1.694337e-07,0.0,1.694337044000349e-07
0.8188397,0.5129424908321832,0.30589723800006163
19.383879,19.338034010636832,0.04584469724890994
0.0,0.0,0.0
11.848438,11.41496168931061,0.43347657362884284
43.57245,44.381817434582246,0.8093687041134956
18.70368,19.060020411814556,0.3563403733624071
19.548399,20.16519341957924,0.6167944480216221
14.25753,14.129975586170431,0.1275546262319125
20.28595,19.695563534972106,0.5903861720591443
0.12026893,0.0,0.12026893347501755
0.17552242,0.10569519727879415,0.06982721955126872
39.076115,38.92795434213691,0.14816031240410865
13.723006,13.908813507619668,0.1858072591455464
5.7762322,5.902090627222478,0.12585838463824928
8.322776,8.438394338809864,0.11561849805058699
18.811,17.91942502449079,0.8915757994838209
32.768295,32.88143886768796,0.11314357960202415
42.323074,42.64888473291627,0.32581039209595986
13.142803,13.02740147283779,0.11540171930088228
0.45941767,0.7085561817388351,0.24913851077364035
10.289886,10.087118038586075,0.20276843602329997
35.510765,35.91664909113262,0.4058840154490255
5.412558e-19,0.0,5.412558110542996e-19
21.80677,21.805308827360243,0.0014614973467885761
18.36467,18.539452678470663,0.17478287866597597
15.23636,15.293830902407349,0.057471306154907253
5.7686253,6.887985617571593,1.1193603581721785
4.965985,6.047701801702354,1.0817169803827742
11.631831,11.308211978344353,0.32361919078406487
50.22943,50.56184723978068,0.33241608743693263
27.841684,28.11721254875267,0.27552820732200445
12.392607,12.49390084376716,0.10129410853766707
23.937347,24.834594372466682,0.8972469603573074
11.031471,10.626780332098656,0.40469092034275
12.453508,12.359851780838168,0.09365659623702705
2.601459,2.635027508933035,0.03356848259636491
0.0,0.0,0.0
1.1958735,1.591597467618579,0.3957239687019529
0.6203482,0.2818161143239562,0.3385321007791932
8.612802,8.721001063075372,0.10819951125652416
11.70524,10.995217291519126,0.7100229581146635
4.0613213,4.02675021427631,0.03457104426861157
6.229398,6.649639061348676,0.4202412876060002
4.0001664,3.7242431498590034,0.2759232663092095
17.297892,17.31245440304856,0.014562786227269697
23.078993,22.943040644695397,0.1359521989325323
0.001083107,0.932613541874417,0.9315304349077278
36.492397,36.626351354334744,0.13395404598513494
23.08589,22.718779258408773,0.3671105578754066
12.622829,12.715997569466998,0.0931681322111384
5.970368,6.597551512128371,0.6271836036505878
9.977371,9.563814552119483,0.4135566637008292
9.303263,9.778171980576488,0.4749092700051989
4.168845,4.976191699254239,0.8073465225574621
52.97642,53.62387150741926,0.6474501512180879
0.0007574989,0.0,0.00075749889947474
10.608681,10.404860374472507,0.2038203506251488
8.931375,8.848130678911494,0.08324387095422914
4.599967,4.322654940988944,0.2773120618797087
3.8290796,5.043010893579544,1.2139312655888217
17.449293,17.34649202799838,0.1028011085982996
1.7549328,2.2751610177322656,0.5202282565399439
0.96917313,1.66993582741714,0.7007626940438796
3.118124,3.179525274568935,0.06140126639022414
13.479417,13.289659994354034,0.1897568528749698
4.2836375,4.434847729090151,0.1512102054390283
19.888636,19.389403019731084,0.4992326156448925
2.183677,1.9980842003234311,0.1855927577606753
2.5829706,2.810353492558486,0.22738287335682594
2.609582,2.42796167798735,0.18162026933931008
17.067284,17.68058129199341,0.6132976616223154
21.607967,21.716983201187865,0.10901582447888103
4.333252,4.462502290477018,0.12925033735201819
16.977896,16.923173292733313,0.05472244396102255
30.735142,31.18095406437577,0.44581231022537793
31.630064,32.28006149356423,0.6499974829441157
0.002917905,0.0,0.002917905105277896
32.54343,32.847538819996146,0.30410849162700515
31.301899,31.54504270807203,0.24314375177320358
9.677176,9.928573066570689,0.25139659104578627
0.97205096,0.8118233032564727,0.16022766157583324
0.39824298,0.9222648400563402,0.5240218598145647
2.0785952,3.360884072428185,1.282288910990197
11.936928,11.800704507533581,0.13622328787657523
15.60312,15.84975861168132,0.24663876152262887
29.31607,29.866420306056952,0.550349749416327
18.191206,17.414536584939402,0.7766693934541529
10.131337,10.069177853098616,0.06215931273390396
6.2089634,6.35220609634834,0.1432427021833007
1.2778056,1.249432418454998,0.028373148332721643
13.109261,12.936765884636495,0.17249467444553623
25.641306,25.73726343241126,0.09595750894934696
0.4274746,0.5971322566706557,0.16965766851490927
16.47559,16.390687310945804,0.08490244125146162
14.5990715,14.654192382988862,0.05512088030331519
0.016895153,0.2658612863023665,0.2489661336739447
19.831753,19.782802236728052,0.04895054037155688
0.2822544,0.0,0.2822543978691101
2.3135252,2.2937740781514653,0.01975112173867144
15.063839,14.65161350820373,0.4122254505365035
0.516718,1.3623992080116472,0.8456812376404008
18.698357,18.677611405411152,0.02074522300681636
37.52227,38.64130616220143,1.1190359595647124
4.7764235,4.797419142280402,0.020995687995734258
15.581319,15.679697867092939,0.09837901180729425
24.869421,24.83178732724364,0.03763367800538475
30.713362,31.636328991801076,0.922967251688771
82.8902,82.00406028483144,0.8861374690748107
16.565351,15.35721014496934,1.2081413412367148
19.430603,19.729814461277833,0.299211433934083
30.23956,30.64681066854081,0.40725149495682444
1.6267075e-09,0.0,1.626707546442674e-09
10.077135,9.984613337385973,0.09252174867359741
12.825466,12.974246622830451,0.14878046682459178
0.46727797,0.5733647443470437,0.10608677045673909
16.772673,17.127607283321794,0.35493463012355164
13.007797,12.990554853334492,0.017242387876445164
1.8086755,2.33255053220253,0.5238750046298981
24.649279,25.04993084259128,0.4006522018442098
32.009342,32.79553558625035,0.7861933926468367
1.4249299,1.3811038073686226,0.04382604988540573
9.429331,9.714121714551679,0.28479088874601466
13.211342,13.593567958502389,0.3822261005922325
18.562948,18.857326799910506,0.29437857298179537
19.050604,18.987027840229604,0.063576026347544
14.631474,14.549709127538007,0.0817644137217588
10.273477,10.141178079622092,0.1322985210248806
19.89612,19.612378855393292,0.28374121601784097
21.39004,21.78281103510136,0.39277159113163407
0.01757746,0.0,0.017577460035681725
0.12369646,1.0007513431359925,0.877054881816069
27.624266,27.65527319427838,0.03100752350201219
4.6119356,5.035880628825598,0.4239450132860476
10.803767,10.771163756941247,0.03260344734342091
16.112469,15.955144625399624,0.15732409408279757
46.6216,46.3489635155027,0.272637589233625
38.19928,37.60382343408572,0.5954563510705313
49.527603,49.0951445836128,0.4324585658012623
20.085423,19.916208601010133,0.16921391485900728
3.5474877,3.4688212668593295,0.07866646888896156
10.609493,10.169583770176338,0.4399094854388963
18.076197,17.88497310129744,0.19122356923478634
0.39549267,0.7020186164396364,0.3065259435194093
18.283642,18.36189235778111,0.07825054259556197
0.12457414,0.0,0.12457413971424103
17.09002,17.107320166871485,0.017300940797266406
10.63987,10.569671226494911,0.07019846344649494
1.96153,2.1875986087842914,0.22606863861522397
10.0998745,9.826375086573536,0.2734994098864245
12.138329,11.936092936201572,0.202235616044522
5.443177,6.025463685009463,0.5822864618038963
0.0066902023,0.0,0.006690202280879021
23.940481,24.366409527196833,0.4259283412837469
17.992626,18.109657793333962,0.11703160314841554
5.895255,6.367455057514385,0.47219996870823255
12.820478,13.968021019698543,1.1475425803674888
1.4763302,2.7695886977348825,1.293258536640217
25.069017,23.79604725117208,1.2729701591062401
11.524661,11.35841736288363,0.1662437012643192
12.541407,12.54367201717844,0.0022653857087142626
19.677486,18.829352980745018,0.8481334389327166
24.541498,24.934993062400018,0.39349487819591644
36.67598,37.94959857315052,1.2736189588927047
36.169487,35.85445297708137,0.3150340224303463
20.834057,20.27696181989305,0.5570950343549974
32.057617,32.38996458803219,0.3323474005321927
22.476217,22.898555298426434,0.42233802852897284
15.67246,15.649029364965433,0.02343023739052441
21.171926,21.19748652216342,0.025560023750333727
19.8819,20.05000215263929,0.16810136528577502
7.7532535,7.741311606053084,0.01194185387733615
0.3391237,1.1818292269881183,0.8427055308993274
2.557596,2.5179037301783276,0.03969223806813238
12.985205,12.680802051843598,0.30440264481167567
7.440023,7.304651950255923,0.1353709951481301
47.198853,47.79962072675812,0.6007681876956212
15.774513,15.076291433732347,0.698221810896559
18.492968,18.747663308179323,0.2546957025885028
4.7762756,4.798776147698571,0.02250051293294586
11.634093,11.410343336359611,0.2237499482473222
20.843218,20.7115606702661,0.13165717946534627
16.274822,15.643136196117036,0.6316860389903862
8.157239,8.209979278158874,0.05274031789276101
37.681126,36.47409741408822,1.2070282267809205
0.0010097835,0.0,0.001009783474728465
22.964668,21.471428773038458,1.4932395008873236
21.807234,21.92507060030765,0.11783678988284407
7.813663,7.547732081249907,0.2659309245789503
1.1872174,1.3236403864341082,0.1364230316596331
9.139627,9.00623569094826,0.13339176571677847
9.943641,9.689790407784752,0.25385030113858775
8.773668,8.732581390123693,0.04108689906087726
13.212097,13.336976623443565,0.12487945547481516
2.025784,2.8984264477647854,0.8726424321092678
9.817413,9.661304500763702,0.15610882931442305
4.1456833,4.114511053226683,0.03117223534753588
21.99969,22.15648684236493,0.15679774019207926
8.293979,8.565997161173359,0.2720184700722843
18.157255,18.265585785547458,0.10833061281796574
59.451862,58.98168293313995,0.47017940206512776
21.176727,21.49114688005866,0.31441958513678614
28.76969,29.680661539726696,0.9109719797901725
1.7633762e-13,0.5477150537890689,0.5477150537888926
16.341242,16.426489063891925,0.0852472273440732
48.654724,48.997863545305975,0.3431394242122252
20.497166,20.806198455968367,0.30903277603672663
33.29513,31.145549062499448,2.149582620850161
32.16076,32.039637285556886,0.12112168661108313
32.251415,32.72209706366776,0.47068181098221373
3.5561397,4.031467706294578,0.47532799872927
14.032987,13.534860879940442,0.4981257609897334
17.47215,17.661268877649686,0.18911807503738132
10.384578,10.347129231151852,0.037448520007815844
3.90221,3.9983458591637584,0.09613586198663437
25.606916,25.992675281176833,0.38575885356452844
0.9706027,0.8566240597278705,0.11397863144568299
19.26608,19.36471142827711,0.09863057195386915
13.881051,13.948844736879833,0.0677936733422353
8.908568,9.572955425306303,0.6643870430431189
17.991892,17.38234091248809,0.6095509484738244
11.822667,11.794564371642782,0.028102750244425323
44.01442,43.87848489172999,0.13593466393407283
30.17684,29.79705091379167,0.37978891469954235
1.5617738,1.9019592236924179,0.34018544668436124
1.8816147e-05,0.15915454613428381,0.15913572998766257
5.1461806,4.96872816565349,0.17745246407673498
24.449999,23.37338317284641,1.0766156827444107
1.7297441,1.7432832057396972,0.013539129010876394
19.083876,19.53489260374506,0.4510169476171306
4.488671,5.1341307418012025,0.6454599158429506
3.6099029,3.822571758759674,0.21266890002554328
1.059655,1.2810674239776316,0.22141247288205057
1.0473444,1.3162754494188238,0.2689310032365728
29.231297,29.134934995618764,0.09636154368787686
53.628597,53.50374242963039,0.12485482989109187
13.774947,14.172734716814633,0.3977875503717616
11.601498,11.584982126233871,0.016515523912612906
32.591667,33.35728073600007,0.7656135607071022
19.33303,19.419193923071557,0.08616322238796315
25.453259,25.46673729517655,0.013478780772253174
0.04053101,0.0,0.040531009435653687
36.82069,37.00507041969099,0.18438026466169077
5.8892126,5.977124381538036,0.08791177320063337
0.72776,0.9000914858020865,0.17233146888390416
0.22959478,0.0,0.22959478199481964
0.00071153464,0.265499017083675,0.2647874824457172
18.077013,18.242781592779632,0.1657685770325621
26.555597,26.553927313125133,0.0016699921727187927
32.026844,32.28024660733209,0.2534025826738855
10.097948,10.021764241421034,0.07618383291978681
10.90135,10.79440039111356,0.10694963024874404
30.808361,31.136754363970432,0.3283933105036354
26.407173,26.58049439409956,0.1733212373612787
14.885148,14.775768898364488,0.10937915003639098
48.20337,48.230846388272376,0.02747724764737569
35.149403,35.78908027092232,0.6396776525141163
10.298137,10.895556402031572,0.5974196909109661
11.180309,11.093111937241746,0.08719735841255094
25.630962,25.409291353887905,0.2216710179382666
2.7274086,3.4166417752123426,0.6892331276751111
3.1170182,3.3367023543670085,0.21968413155817057
27.641457,27.563934722450153,0.0775218815537535
40.636127,41.489924983971285,0.853797512047457
50.197575,50.83927974074675,0.6417051252682313
15.940457,15.832864777090176,0.10759256696499975
1.7523751,4.2957041429155565,2.5433290170305467
5.280721,5.445955704976996,0.1652345173854437
0.9386828,1.6997402589488673,0.7610574643779444
5.3558474,6.095481676107479,0.7396343174038655
9.239645,9.084820514327536,0.15482448994492515
12.402255,12.726632591157308,0.32437753286873416
31.093422,31.519485983014718,0.4260640469795618
0.035433214,0.0,0.03543321415781975
10.719063,10.04082452194656,0.6782382832292218
24.609789,24.46718120786499,0.14260768678833102
28.716545,28.779399921288295,0.06285481630782641
15.018901,14.845079894119484,0.1738209771573711
20.253052,20.258576730708747,0.005524972896246538
2.669265,2.8341950229362505,0.16492999112167528
23.705853,22.94497209806405,0.7608804104808726
6.3707137,6.815009496920973,0.4442957861360606
20.68115,20.339299456104694,0.34185098029667316
19.881824,19.891328320225345,0.009503826817141459
49.62738,51.335080994767566,1.7077006236738157
9.449636,9.116817500949534,0.33281895840105236
20.798473,19.586976370950595,1.2114969872037022
32.502834,32.293430220127355,0.20940409994100406
18.17079,18.76582011093105,0.5950303923031193
31.963488,32.57029663434789,0.6068090092258203
10.888428,10.849909883759917,0.03851785061508295
10.664435,10.685695697093195,0.021260310435479823
12.377716,12.4562645050885,0.07854844063537492
34.332134,33.96368992058603,0.36844432624014445
6.130869,6.778098646120474,0.6472297343773104
35.81621,36.181860002703274,0.3656483022638213
22.754503,22.436906503920007,0.3175967462020637
34.19074,34.67003062458352,0.4792919466050023
15.664832,15.881409152028427,0.216577036855087
9.527816e-17,1.7326919350891146,1.7326919350891146
14.195166,14.240849011929528,0.04568337777425491
14.074372,14.11844567377804,0.04407338221309942
13.036299,12.974417639613302,0.06188111221775294
17.509588,17.812771775145755,0.30318353356860683
22.303354,22.43694725738996,0.13359299408429592
29.928522,30.565952315223736,0.6374302052383847
2.640153,3.1355171066042047,0.4953641753908258
4.1231666,4.385134860714202,0.261968299587493
25.44594,25.849370905250275,0.40343088755007983
25.021078,25.11579559640448,0.09471748666327073
13.692653,13.581589425782797,0.11106327654874626
59.8301,59.17060570324768,0.6594953099359131
1.1214595,1.4147698412682745,0.29331035716793274
19.741667,20.01790204206466,0.27623524824141654
7.3961315,7.280789036532039,0.11534247897089056
19.910418,19.70753068427086,0.20288687249183468
6.1463428,6.2690005597785605,0.12265780541454685
2.825841,3.070599751527758,0.24475880151555085
43.030727,43.57478336361818,0.5440559771435716
20.615519,20.76868850768253,0.15316993773624077
17.968351,17.585102301769105,0.38324906236663736
21.021751,21.248186597408584,0.22643519359998976
8.982559,9.097511118527903,0.11495191442634045
32.45392,32.08973618025031,0.3641822767809373
0.26693907,0.0922139936609537,0.17472508014008695
48.428337,48.242813456229655,0.18552364093831386
12.335078,12.243686113879905,0.09139212556101306
13.937024,14.10146472353851,0.1644406070223976
12.345248,13.58280027174642,1.2375520493953456
8.099085e-05,0.21459715515589878,0.21451616430345993
0.8314787,0.6713099426037052,0.16016877233922688
20.477806,20.050772639573704,0.42703345173488927
18.16273,18.763631818731675,0.6009025554260106
20.249886,19.993162151255547,0.2567234078264846
18.77992,19.00662767233459,0.2267070943316618
14.435212,14.15702897191911,0.27818316339583227
10.011779,10.123204556612691,0.11142572513075777
30.31211,30.185503993075333,0.12660690780357342
12.394013,11.94445973473017,0.4495536701160212
22.79578,23.21903272288106,0.4232525409962946
14.970485,15.214836610088607,0.24435187650706425
41.30614,41.317487784947815,0.011346885289611919
24.287468,24.127228480169588,0.16023947637338054
14.793022,14.689084715487146,0.10393744027457252
0.0,2.6298273745276624,2.6298273745276624
3.4160252,4.19631984714298,0.7802946853998156
8.976143,8.670675368131445,0.3054675151693367
24.101685,24.06723286758339,0.03445170272911113
56.189816,56.2021609846157,0.012345463375467602
34.6326,34.93199479893372,0.2993959219805973
12.467948,12.61178238338337,0.14383442348346698
2.003997,1.738645955987855,0.2653511314907826
1.2583582,2.106348684706526,0.8479904445789623
24.673359,24.435357884572085,0.23800103266424344
4.1247244,4.888547937270592,0.7638235491480332
5.9802375,5.966876791620322,0.013360692357949233
12.691478,12.35334891971651,0.33812885585722086
52.969013,50.854134777403615,2.1148784367077127
0.0020263742,0.0,0.0020263742189854383
5.0587325,5.554865373017285,0.4961328634042479
15.905624,15.738236486178716,0.16738790346972188
42.318962,41.70844924115499,0.6105128560129813
41.51143,42.44694278746847,0.9355139544606601
3.522098,3.7174898165927885,0.19539175217018112
41.245777,41.402110440590064,0.15633331046311127
44.432644,44.331632281627186,0.10101160875367299
11.507448,12.056656068640985,0.5492078722298519
27.415432,27.598211477719282,0.18277950140092258
67.404785,66.8771056810531,0.527679475196905
26.706413,26.937850254795503,0.23143698575253424
15.418725,15.422790105177986,0.004065091445076163
1.5496241e-09,0.0,1.5496240957091345e-09
9.553572,9.70551889530717,0.15194719425736558
16.487265,16.376726944411743,0.11053768876696779
6.9337482,6.756257288100654,0.17749095713860363
7.357346,7.312638688069448,0.044707369822397425
13.87828,14.083289897129372,0.2050102111552512
28.976116,27.055795658985087,1.9203205214348351
10.7961035,10.515258006431708,0.2808454710463195
66.12874,65.6849867354523,0.443751667868014
10.1513815,10.107045898686962,0.044335593927783634
7.9069986,8.03619891327041,0.12920027893203034
37.26963,37.818748954481606,0.5491185223526998
33.23822,33.54500288196178,0.3067826671180285
0.010544463,0.20963264856876188,0.19908818550796561
19.113369,19.141729166497132,0.028360178460022922
36.56663,36.59253280363823,0.02590148649955637
15.200826,15.303010084080775,0.10218439285763026
15.4867,15.050472603736562,0.4362274542468363
2.165546,2.7802020975079103,0.6146561571087403
7.9325614,7.644624232626868,0.28793716492562194
8.543847,8.805422764057154,0.26157568001174347
15.407525,14.87288266798158,0.5346423945794552
16.639051,16.56651448818677,0.07253694919116072
0.10870175,0.0,0.10870175063610077
3.457963,3.2625149530195663,0.19544803678756262
34.533955,35.110355984442684,0.5764013640813559
4.744293,4.828808520310248,0.08451530741962276
6.878359,6.933086042210729,0.054727201268346626
0.0046456438,0.0,0.0046456437557935715
11.645679,11.455786351957258,0.18989312191969532
30.037588,30.064206748173078,0.02661862866624176
32.988365,32.87533026126466,0.1130349120751859
44.0972,44.279183140741246,0.18198465441312095
7.7216597,7.3243399190328455,0.39731974130650993
12.496057,12.482913197486209,0.013143359215451511
19.645706,19.90111235413158,0.2554061773737679
32.853996,33.0703672846611,0.216371007805634
14.533549,14.025623299847126,0.5079260089297293
11.21012,11.223811564217995,0.013691363107154686
39.641506,39.80396621158212,0.16246001651376218
5.692373,5.679415420406085,0.01295737851359302
0.6542938,1.0408481841699886,0.3865544086115169
27.941973,27.80780234263101,0.13417038991293495
10.865152,10.434039558258256,0.43111280075053315
17.672174,17.553748273726338,0.1184261800090134
14.395791,14.027269570973496,0.3685214827984762
2.4295769,2.280885798951827,0.1486910748274699
12.040992,11.893611426628874,0.14738035651321546
10.472996,9.829818433897907,0.6431773241587333
21.201904,21.320593227528445,0.11868893065344466
9.241599,8.993534103273843,0.24806497967293417
8.817573,8.812451498293589,0.005121095395375974
16.599648,16.79997481381893,0.20032729184627485
21.58117,22.1290386179293,0.5478694895113314
13.485129,13.578268629839771,0.09313927345549367
21.32865,21.094536238220556,0.23411328265346754
35.68419,35.92342502254177,0.23923617976833356
42.81386,42.88247492182567,0.06861307490184032
33.27909,32.82604892023909,0.45304196110856765
33.742718,34.08121854326135,0.3385008003414285
29.943428,30.747629615943815,0.8042015763930337
17.73204,17.490971979261914,0.24106842601152323
6.0938864,6.281392243640124,0.1875058682128783
29.025576,29.00521369338371,0.020361944433673784
16.472572,16.868755906007138,0.3961835793469817
20.269354,19.509999329561744,0.7593545370154047
15.074687,14.655603845449223,0.4190831586401327
1.2387792,1.864540043072794,0.6257608558703405
0.00580951,0.0,0.005809510126709938
7.9697986,8.525430655860605,0.5556320909497163
32.929756,32.71922772169521,0.21052844285556915
0.027460046,0.0,0.027460046112537384
8.68957,9.271654069687054,0.5820836427461362
28.09707,28.165648579429817,0.06857788546009047
17.563744,17.704973706665022,0.1412301153564286
15.182925,14.366990761256858,0.8159344630473413
0.5853283,0.6793762314826853,0.0940479505569346
59.275806,59.5287627315669,0.2529563045649468
3.3684313,3.2995467491097754,0.06888458061739744
25.37549,24.998060261992872,0.37742992660576036
21.749502,21.006382472168852,0.743119709837984
22.58655,22.585766946038458,0.0007828128726750094
45.912193,46.81638505187679,0.9041917535369492
1.6966408,1.636361721784714,0.060279127328750404
40.644108,40.695648068910344,0.05154025030682874
2.2981079,2.3394091666283408,0.04130130415580657
27.813732,27.500044334643576,0.313687812573221
34.58019,34.63346863706296,0.05327988584225807
49.480804,48.822961670744434,0.6578427726149414
26.753317,26.21178094300639,0.5415359362660723
28.970137,28.645963787460655,0.3241728549953997
4.850465,4.7905844021922395,0.05988041866957694
30.132454,30.353078800766212,0.2206248823091812
29.302155,29.38478375746158,0.08262921644595522
5.1572022,5.214735644556889,0.05753340075195723
28.707258,28.372935962939863,0.3343222615474417
20.418102,19.849060874507423,0.5690413898968743
5.5842257,5.544261177130034,0.039964477472016924
6.1677523,6.714665015497017,0.5469127495668413
2.1874,4.0353002083600815,1.847900105744725
0.02969676,0.0,0.029696760699152946
41.565758,40.91730715011447,0.6484506013503761
8.982139,8.863824080053238,0.11831455367478938
23.257397,23.68453198564121,0.4271352876431642
15.339084,14.855417035109554,0.48366663646027064
10.49909,10.201218229481308,0.2978719652208408
5.892456,5.972780155094374,0.08032410040687399
45.780865,46.27642778437971,0.4955630688035413
26.85424,26.813022627492316,0.04121778998815273
8.408345,9.530958398043785,1.12261317557064
2.5400057,3.0970162260753393,0.5570105421764135
14.652334,14.943727148803617,0.2913929355467815
13.341748,12.562738174478932,0.7790100631309311
36.629974,37.14602558877696,0.5160512235425827
1.0801538,0.687546673381016,0.3926071495178487
18.018856,17.891158393770624,0.12769765481336037
9.748324,9.803958426587837,0.055634032361762564
2.9424267e-09,0.0,2.9424267466993115e-09
34.654083,34.483532302545974,0.17055094940715065
18.894907,18.738505375875985,0.15640162180467954
28.367817,28.19698882074369,0.17082810430513717
16.147476,16.07200602879689,0.07547016749217406
11.131727,11.1782723975915,0.04654517896357113
41.025238,41.38465654613401,0.35941850902463557
7.6202893,7.829216307251657,0.2089269815375454
8.736235,8.545813807203436,0.19042085771355666
34.197796,34.05366535471771,0.1441305132022137
15.413148,14.74663797802277,0.6665099483077963
27.300932,27.11494053787198,0.18599139267001163
0.5280992,1.8725511915235373,1.344452012255654
3.9253712,4.430017805308733,0.5046466352647876
5.5795746,5.508802771501361,0.07077181345957673
46.510433,47.70404673957852,1.1936135425570384
1.6069205,1.991134687519671,0.3842142067915215
12.404286,12.294980898462308,0.10930548612021163
25.398794,25.71959928151267,0.32080510731833556
5.9412785,5.561921156829652,0.3793573008119493
0.0071540945,0.0,0.007154094520956278
15.587017,15.370242588862885,0.21677447046328702
0.5084615,0.3318323002568402,0.17662917511547427
38.892456,38.93650204648254,0.044045991795037764
35.38102,36.00489996444368,0.6238803721585242
17.13217,16.995370027603194,0.13679969590754837
11.157441,11.148544091907937,0.008897047313254802
0.028575111,0.0,0.0285751111805439
1.8333751,2.4369145863117647,0.6035394899906588
13.486181,13.67322138195023,0.18704012279495608
9.75855,9.680069778559538,0.07847991168704382
7.7643466,7.635035673609362,0.12931092596949512
12.300149,12.074831988089072,0.2253169758391511
2.3328116,2.0277751736080214,0.305036420401378
17.210083,17.232951787138187,0.022868779325687427
5.6146345,5.676519540008201,0.061885026153220224
3.6543725,3.4523551750152763,0.20201727867429886
1.6497397,1.6362494606594302,0.013490281619622513
18.368916,17.30444357715632,1.064471980705008
36.687466,36.835874299652865,0.14840863192825537
4.2142467,3.9845575126792743,0.22968923719865542
16.018888,16.003091045313923,0.015797428196819396
16.15378,16.26748266901851,0.11370268549800144
4.98584,4.851511855949915,0.13432798780008515
0.06764508,0.0,0.06764508038759232
0.05407082,0.3013544026441275,0.24728358347484458
5.819406,5.651762545732231,0.16764348683002517
30.20785,30.40325500078624,0.19540549822276176
2.0545359,1.9783496331272645,0.07618623265642688
17.823164,17.002262082238325,0.8209019039677301
22.411438,22.605969190097223,0.19453120181597328
20.548225,20.662377395409766,0.11415199257773523
16.347809,15.30556118610094,1.042247651789685
21.968393,22.366155131115363,0.39776180530969896
9.991961,9.849609718978465,0.14235080653423005
37.915745,38.38657446181881,0.47082968032466965
16.747421,17.210362662982845,0.46294139833440795
31.92093,31.41753203326393,0.5033988291628262
0.9664836,0.8487596343776461,0.11772395860941443
1.2386786,1.353833422911011,0.11515484834893819
6.2675056,6.204888304855898,0.06261734089605486
52.049126,51.90256902009282,0.14655665129389917
17.09483,16.566793608141612,0.5280359511845596
23.913294,23.960799464921095,0.047505626420118574
56.95374,56.58194072497959,0.3717984412801769
4.4015145e-05,0.2942589912927624,0.29421497614751296
38.686886,38.58608923217631,0.10079660156392123
0.36702427,0.26911031298733334,0.09791395969294925
0.010849133,0.38813121005614076,0.3772820769222525
0.36759353,1.7267415862420763,1.3591480594018663
5.151241,5.076141830316542,0.07509899533653375
49.899124,49.60580543921269,0.2933187062951248
32.79045,33.194226104017325,0.4037750542126375
28.997778,29.16030518945136,0.16252725060858708
0.99033636,1.5123024857675953,0.5219661272203846
33.52114,33.522439267454,0.0012982152079032971
35.870556,36.02820148512014,0.15764560743459555
0.7927951,1.4175300645262643,0.624734942856495
7.3097568,7.700764866028189,0.3910081101993317
4.924798,4.962614950735593,0.03781693895580762
23.062906,21.413291355911607,1.6496149093471821
1.6937897,3.301349554225359,1.6075598336900807
1.6210611,2.293518809409877,0.672457722755214
12.900331,12.790685110858128,0.10964543265993854
50.275208,50.10354590317956,0.17166161635169175
1.7857178,2.2177298719314424,0.4320120269683687
22.94426,22.874707684556263,0.06955195899842437
4.1943617,3.9797703705242347,0.2145913161823083
4.326216,4.602093418577425,0.27587719772171226
22.579956,21.532199576190568,1.0477564784969324
22.614765,22.804397877115647,0.18963270987931935
9.298814,9.252158612869849,0.046655207015405153
1.5997046,2.088239909783305,0.4885352865609538
6.3072157,6.700514064350735,0.39329837373794163
26.52273,27.01249252416933,0.48976265051210177
5.492468,6.416432650154344,0.9239647699053206
3.8292346,4.211645443767698,0.38241084370055933
17.381384,16.11136978907585,1.2700141067981718
3.1317601,3.1053091477970853,0.02645097259476037
0.21884277,0.4885608364265661,0.2697180617969732
7.3565035,7.595154840551625,0.23865135391832393
13.929551,13.748210900162546,0.18134022441020825
17.272575,18.001350438353768,0.7287750599357992
0.0011589044,0.0,0.0011589044006541371
5.9862647,5.753535363157392,0.23272934250056743
